Date,Description,Debit,Credit,Balance
1-Apr-15,Opening Balance,,,147000
3-Apr-15,Rent for April,15000,,162000
5-Apr-15,Grocery shopping - Big Bazaar,3500,,165500
7-Apr-15,Electricity Bill - BSES,1200,,166700
8-Apr-15,Water Bill - Delhi Jal Board,450,,167150
10-Apr-15,Internet Bill - Airtel,1000,,168150
12-Apr-15,School Fees - St. Mary's School,7500,,175650
14-Apr-15,Kids' Clothes - Reliance Trends,1800,,177450
15-Apr-15,Salary Credit - Infosys Ltd.,,55000,122450
16-Apr-15,ATM Withdrawal,3000,,125450
18-Apr-15,Petrol - Indian Oil,1500,,126950
20-Apr-15,Restaurant - Mainland China,2200,,129150
22-Apr-15,Groceries - Reliance Fresh,2800,,131950
24-Apr-15,Movie Tickets - PVR Cinemas,900,,132850
25-Apr-15,Mobile Recharge - Postpaid,800,,133650
26-Apr-15,Kids' Toys - Hamleys,2500,,136150
27-Apr-15,Donation - Local Charity,1000,,137150
28-Apr-15,Online Shopping - Flipkart,3200,,140350
29-Apr-15,Mutual Fund SIP - ICICI Pru,5000,,145350
30-Apr-15,Payment - Credit Card,12000,,157350
1-May-15,Rent for May,15000,,172350
3-May-15,Grocery shopping - Big Bazaar,3600,,175950
5-May-15,Electricity Bill - BSES,1250,,177200
7-May-15,Water Bill - Delhi Jal Board,470,,177670
9-May-15,Internet Bill - Airtel,1000,,178670
12-May-15,School Fees - St. Mary's School,7500,,186170
14-May-15,Kids' Activity - Dance Class,2000,,188170
15-May-15,Salary Credit - Infosys Ltd.,,56000,132170
16-May-15,ATM Withdrawal,3000,,135170
18-May-15,Petrol - Indian Oil,1600,,136770
20-May-15,Restaurant - Sagar Ratna,1500,,138270
22-May-15,Groceries - Reliance Fresh,2900,,141170
24-May-15,Movie Tickets - INOX,950,,142120
25-May-15,Mobile Recharge - Postpaid,800,,142920
26-May-15,Home Decor - IKEA,4000,,146920
27-May-15,Medical - Pharmacy,700,,147620
28-May-15,Online Shopping - Amazon,3000,,150620
29-May-15,Mutual Fund SIP - ICICI Pru,5000,,155620
30-May-15,Payment - Credit Card,13000,,168620
1-Jun-15,Rent for June,15000,,183620
3-Jun-15,Grocery shopping - Big Bazaar,3700,,187320
5-Jun-15,Electricity Bill - BSES,1300,,188620
7-Jun-15,Water Bill - Delhi Jal Board,480,,189100
9-Jun-15,Internet Bill - Airtel,1000,,190100
12-Jun-15,School Fees - St. Mary's School,7500,,197600
14-Jun-15,Kids' Sports Gear - Decathlon,2500,,200100
15-Jun-15,Salary Credit - Infosys Ltd.,,57000,143100
16-Jun-15,ATM Withdrawal,3000,,146100
18-Jun-15,Petrol - Indian Oil,1700,,147800
20-Jun-15,Restaurant - Domino's Pizza,1000,,148800
22-Jun-15,Groceries - Reliance Fresh,3000,,151800
24-Jun-15,Book Purchase - Amazon,1200,,153000
25-Jun-15,Mobile Recharge - Postpaid,800,,153800
26-Jun-15,Home Repair - Electrician,1500,,155300
27-Jun-15,Clothing - Lifestyle,2000,,157300
28-Jun-15,Online Shopping - Myntra,2800,,160100
29-Jun-15,Mutual Fund SIP - ICICI Pru,5000,,165100
30-Jun-15,Payment - Credit Card,14000,,179100
1-Jul-15,Rent for July,15000,,194100
3-Jul-15,Grocery shopping - Big Bazaar,3800,,197900
5-Jul-15,Electricity Bill - BSES,1350,,199250
7-Jul-15,Water Bill - Delhi Jal Board,490,,199740
9-Jul-15,Internet Bill - Airtel,1000,,200740
12-Jul-15,School Fees - St. Mary's School,7500,,208240
14-Jul-15,Kids' Music Class - Fees,2500,,210740
15-Jul-15,Salary Credit - Infosys Ltd.,,58000,152740
16-Jul-15,ATM Withdrawal,3000,,155740
18-Jul-15,Petrol - Indian Oil,1800,,157540
20-Jul-15,Restaurant - Punjabi by Nature,2500,,160040
22-Jul-15,Groceries - Reliance Fresh,3100,,163140
24-Jul-15,Gadget Purchase - Mobile Phone,15000,,178140
25-Jul-15,Mobile Recharge - Postpaid,800,,178940
26-Jul-15,Kids' Party - Celebration,3000,,181940
27-Jul-15,Appliance - Mixer Grinder,4000,,185940
28-Jul-15,Online Shopping - Snapdeal,2500,,188440
29-Jul-15,Mutual Fund SIP - ICICI Pru,5000,,193440
30-Jul-15,Payment - Credit Card,15000,,208440
1-Aug-15,Rent for August,15000,,223440
3-Aug-15,Grocery shopping - Big Bazaar,3900,,227340
5-Aug-15,Electricity Bill - BSES,1400,,228740
7-Aug-15,Water Bill - Delhi Jal Board,500,,229240
9-Aug-15,Internet Bill - Airtel,1000,,230240
12-Aug-15,School Fees - St. Mary's School,7500,,237740
14-Aug-15,Kids' Art Supplies,1000,,238740
15-Aug-15,Salary Credit - Infosys Ltd.,,59000,179740
16-Aug-15,ATM Withdrawal,3000,,182740
18-Aug-15,Petrol - Indian Oil,1900,,184640
20-Aug-15,Restaurant - Kwality Walls,1500,,186140
22-Aug-15,Groceries - Reliance Fresh,3200,,189340
24-Aug-15,Theme Park Visit - KidZania,4000,,193340
25-Aug-15,Mobile Recharge - Postpaid,800,,194140
26-Aug-15,Plumber Charges,1000,,195140
27-Aug-15,Clothing - Max Fashion,1500,,196640
28-Aug-15,Online Shopping - Pepperfry,3500,,200140
29-Aug-15,Mutual Fund SIP - ICICI Pru,5000,,205140
30-Aug-15,Payment - Credit Card,16000,,221140
1-Sep-15,Rent for September,15000,,236140
3-Sep-15,Grocery shopping - Big Bazaar,4000,,240140
5-Sep-15,Electricity Bill - BSES,1450,,241590
7-Sep-15,Water Bill - Delhi Jal Board,510,,242100
9-Sep-15,Internet Bill - Airtel,1000,,243100
12-Sep-15,School Fees - St. Mary's School,7500,,250600
14-Sep-15,Kids' Football Coaching,3000,,253600
15-Sep-15,Salary Credit - Infosys Ltd.,,60000,193600
16-Sep-15,ATM Withdrawal,3000,,196600
18-Sep-15,Petrol - Indian Oil,2000,,198600
20-Sep-15,Restaurant - Wow Momos,1200,,199800
22-Sep-15,Groceries - Reliance Fresh,3300,,203100
24-Sep-15,Festival Shopping - Diwali,10000,,213100
25-Sep-15,Mobile Recharge - Postpaid,800,,213900
26-Sep-15,Gift - Birthday,2000,,215900
27-Sep-15,Online Shopping - Nykaa,1800,,217700
28-Sep-15,Mutual Fund SIP - ICICI Pru,5000,,222700
30-Sep-15,Payment - Credit Card,17000,,239700
1-Oct-15,Rent for October,15000,,254700
3-Oct-15,Grocery shopping - Big Bazaar,4100,,258800
5-Oct-15,Electricity Bill - BSES,1500,,260300
7-Oct-15,Water Bill - Delhi Jal Board,520,,260820
9-Oct-15,Internet Bill - Airtel,1000,,261820
12-Oct-15,School Fees - St. Mary's School,7500,,269320
14-Oct-15,Kids' Swimming Lessons,3000,,272320
15-Oct-15,Salary Credit - Infosys Ltd.,,61000,211320
16-Oct-15,ATM Withdrawal,3000,,214320
18-Oct-15,Petrol - Indian Oil,2100,,216420
20-Oct-15,Restaurant - Pizza Hut,1100,,217520
22-Oct-15,Groceries - Reliance Fresh,3400,,220920
24-Oct-15,Vacation - Goa Trip Booking,50000,,270920
25-Oct-15,Mobile Recharge - Postpaid,800,,271720
26-Oct-15,Online Shopping - Croma,6000,,277720
27-Oct-15,Car Wash and Detailing,2000,,279720
28-Oct-15,Mutual Fund SIP - ICICI Pru,5000,,284720
29-Oct-15,Payment - Credit Card,18000,,302720
30-Oct-15,Investment - Fixed Deposit,25000,,327720
1-Nov-15,Rent for November,15000,,342720
3-Nov-15,Grocery shopping - Big Bazaar,4200,,346920
5-Nov-15,Electricity Bill - BSES,1550,,348470
7-Nov-15,Water Bill - Delhi Jal Board,530,,349000
9-Nov-15,Internet Bill - Airtel,1000,,350000
12-Nov-15,School Fees - St. Mary's School,7500,,357500
14-Nov-15,Kids' Dance Class Fees,2000,,359500
15-Nov-15,Salary Credit - Infosys Ltd.,,62000,297500
16-Nov-15,ATM Withdrawal,3000,,300500
18-Nov-15,Petrol - Indian Oil,2200,,302700
20-Nov-15,Restaurant - Barbeque Nation,3000,,305700
22-Nov-15,Groceries - Reliance Fresh,3500,,309200
24-Nov-15,Children's Books,1000,,310200
25-Nov-15,Mobile Recharge - Postpaid,800,,311000
26-Nov-15,Appliance - Air Fryer,5000,,316000
27-Nov-15,Clothing - Zara,3000,,319000
28-Nov-15,Online Shopping - FirstCry,2000,,321000
29-Nov-15,Mutual Fund SIP - ICICI Pru,5000,,326000
30-Nov-15,Payment - Credit Card,19000,,345000
1-Dec-15,Rent for December,15000,,360000
3-Dec-15,Grocery shopping - Big Bazaar,4300,,364300
5-Dec-15,Electricity Bill - BSES,1600,,365900
7-Dec-15,Water Bill - Delhi Jal Board,540,,366440
9-Dec-15,Internet Bill - Airtel,1000,,367440
12-Dec-15,School Fees - St. Mary's School,7500,,374940
14-Dec-15,Kids' Painting Class,1500,,376440
15-Dec-15,Salary Credit - Infosys Ltd.,,63000,313440
16-Dec-15,ATM Withdrawal,3000,,316440
18-Dec-15,Petrol - Indian Oil,2300,,318740
20-Dec-15,Restaurant - KFC,900,,319640
22-Dec-15,Groceries - Reliance Fresh,3600,,323240
24-Dec-15,New Year Party Supplies,5000,,328240
25-Dec-15,Mobile Recharge - Postpaid,800,,329040
26-Dec-15,Online Shopping - Flipkart,4000,,333040
27-Dec-15,Car Maintenance - Service,8000,,341040
28-Dec-15,Mutual Fund SIP - ICICI Pru,5000,,346040
30-Dec-15,Payment - Credit Card,20000,,366040
31-Dec-15,Investment - Fixed Deposit,30000,,396040
1-Jan-16,Rent for January,15000,,411040
3-Jan-16,Grocery shopping - Big Bazaar,4400,,415440
5-Jan-16,Electricity Bill - BSES,1650,,417090
7-Jan-16,Water Bill - Delhi Jal Board,550,,417640
9-Jan-16,Internet Bill - Airtel,1000,,418640
12-Jan-16,School Fees - St. Mary's School,7500,,426140
14-Jan-16,Kids' Skating Lessons,2500,,428640
15-Jan-16,Salary Credit - Infosys Ltd.,,64000,364640
16-Jan-16,ATM Withdrawal,3000,,367640
18-Jan-16,Petrol - Indian Oil,2400,,370040
20-Jan-16,Restaurant - Mc Donald's,800,,370840
22-Jan-16,Groceries - Reliance Fresh,3700,,374540
24-Jan-16,Electronics - Headphones,3000,,377540
25-Jan-16,Mobile Recharge - Postpaid,800,,378340
26-Jan-16,Home Improvement - Paint,4000,,382340
27-Jan-16,Clothing - Westside,2500,,384840
28-Jan-16,Online Shopping - Zivame,1500,,386340
29-Jan-16,Mutual Fund SIP - ICICI Pru,5000,,391340
30-Jan-16,Payment - Credit Card,21000,,412340
1-Feb-16,Rent for February,15000,,427340
3-Feb-16,Grocery shopping - Big Bazaar,4500,,431840
5-Feb-16,Electricity Bill - BSES,1700,,433540
7-Feb-16,Water Bill - Delhi Jal Board,560,,434100
9-Feb-16,Internet Bill - Airtel,1000,,435100
12-Feb-16,School Fees - St. Mary's School,7500,,442600
14-Feb-16,Kids' Sports Equipment,3000,,445600
15-Feb-16,Salary Credit - Infosys Ltd.,,65000,380600
16-Feb-16,ATM Withdrawal,3000,,383600
18-Feb-16,Petrol - Indian Oil,2500,,386100
20-Feb-16,Restaurant - Pizza Express,1800,,387900
22-Feb-16,Groceries - Reliance Fresh,3800,,391700
24-Feb-16,Home Appliance - Toaster,2000,,393700
25-Feb-16,Mobile Recharge - Postpaid,800,,394500
26-Feb-16,Clothing - Allen Solly,4000,,398500
27-Feb-16,Online Shopping - Book Depository,1500,,400000
28-Feb-16,Mutual Fund SIP - ICICI Pru,5000,,405000
29-Feb-16,Payment - Credit Card,22000,,427000
1-Mar-16,Rent for March,15000,,442000
3-Mar-16,Grocery shopping - Big Bazaar,4600,,446600
5-Mar-16,Electricity Bill - BSES,1750,,448350
7-Mar-16,Water Bill - Delhi Jal Board,570,,448920
9-Mar-16,Internet Bill - Airtel,1000,,449920
12-Mar-16,School Fees - St. Mary's School,7500,,457420
14-Mar-16,Kids' Hobby Class - Pottery,2000,,459420
15-Mar-16,Salary Credit - Infosys Ltd.,,66000,393420
16-Mar-16,ATM Withdrawal,3000,,396420
18-Mar-16,Petrol - Indian Oil,2600,,399020
20-Mar-16,Restaurant - Cafe Coffee Day,700,,399720
22-Mar-16,Groceries - Reliance Fresh,3900,,403620
24-Mar-16,Home Decor - Wall Art,3000,,406620
25-Mar-16,Mobile Recharge - Postpaid,800,,407420
26-Mar-16,Clothing - Peter England,3500,,410920
27-Mar-16,Online Shopping - Lifestyle,2500,,413420
28-Mar-16,Mutual Fund SIP - ICICI Pru,5000,,418420
30-Mar-16,Payment - Credit Card,23000,,441420
31-Mar-16,Investment - Fixed Deposit,35000,,476420
1-Apr-16,Rent for April,15000,,491420
3-Apr-16,Grocery shopping - Big Bazaar,4700,,496120
5-Apr-16,Electricity Bill - BSES,1800,,497920
7-Apr-16,Water Bill - Delhi Jal Board,580,,498500
9-Apr-16,Internet Bill - Airtel,1000,,499500
12-Apr-16,School Fees - St. Mary's School,7500,,507000
14-Apr-16,Kids' Summer Camp Fees,5000,,512000
15-Apr-16,Salary Credit - Infosys Ltd.,,67000,445000
16-Apr-16,ATM Withdrawal,3000,,448000
18-Apr-16,Petrol - Indian Oil,2700,,450700
20-Apr-16,Restaurant - Food Court,1000,,451700
22-Apr-16,Groceries - Reliance Fresh,4000,,455700
24-Apr-16,Electronics - Bluetooth Speaker,2500,,458200
25-Apr-16,Mobile Recharge - Postpaid,800,,459000
26-Apr-16,Home Cleaning Services,1500,,460500
27-Apr-16,Clothing - UCB,3000,,463500
28-Apr-16,Online Shopping - Myntra,2000,,465500
29-Apr-16,Mutual Fund SIP - ICICI Pru,5000,,470500
30-Apr-16,Payment - Credit Card,24000,,494500
1-May-16,Rent for May,15000,,509500
3-May-16,Grocery shopping - Big Bazaar,4800,,514300
5-May-16,Electricity Bill - BSES,1850,,516150
7-May-16,Water Bill - Delhi Jal Board,590,,516740
9-May-16,Internet Bill - Airtel,1000,,517740
12-May-16,School Fees - St. Mary's School,7500,,525240
14-May-16,Kids' Dance Class Fees,2000,,527240
15-May-16,Salary Credit - Infosys Ltd.,,68000,459240
16-May-16,ATM Withdrawal,3000,,462240
18-May-16,Petrol - Indian Oil,2800,,465040
20-May-16,Restaurant - Mainland China,2500,,467540
22-May-16,Groceries - Reliance Fresh,4100,,471640
24-May-16,Electronics - Smartwatch,7000,,478640
25-May-16,Mobile Recharge - Postpaid,800,,479440
26-May-16,Home Appliance - Vacuum Cleaner,6000,,485440
27-May-16,Clothing - Shoppers Stop,3000,,488440
28-May-16,Online Shopping - Amazon,3000,,491440
29-May-16,Mutual Fund SIP - ICICI Pru,5000,,496440
30-May-16,Payment - Credit Card,25000,,521440
1-Jun-16,Rent for June,15000,,536440
3-Jun-16,Grocery shopping - Big Bazaar,4900,,541340
5-Jun-16,Electricity Bill - BSES,1900,,543240
7-Jun-16,Water Bill - Delhi Jal Board,600,,543840
9-Jun-16,Internet Bill - Airtel,1000,,544840
12-Jun-16,School Fees - St. Mary's School,7500,,552340
14-Jun-16,Kids' Football Coaching,3000,,555340
15-Jun-16,Salary Credit - Infosys Ltd.,,69000,486340
16-Jun-16,ATM Withdrawal,3000,,489340
18-Jun-16,Petrol - Indian Oil,2900,,492240
20-Jun-16,Restaurant - Subway,700,,492940
22-Jun-16,Groceries - Reliance Fresh,4200,,497140
24-Jun-16,Children's Books,1200,,498340
25-Jun-16,Mobile Recharge - Postpaid,800,,499140
26-Jun-16,Home Repair - Painting,5000,,504140
27-Jun-16,Clothing - Van Heusen,4000,,508140
28-Jun-16,Online Shopping - Flipkart,3500,,511640
29-Jun-16,Mutual Fund SIP - ICICI Pru,5000,,516640
30-Jun-16,Payment - Credit Card,26000,,542640
1-Jul-16,Rent for July,15000,,557640
3-Jul-16,Grocery shopping - Big Bazaar,5000,,562640
5-Jul-16,Electricity Bill - BSES,1950,,564590
7-Jul-16,Water Bill - Delhi Jal Board,610,,565200
9-Jul-16,Internet Bill - Airtel,1000,,566200
12-Jul-16,School Fees - St. Mary's School,7500,,573700
14-Jul-16,Kids' Swimming Lessons,3000,,576700
15-Jul-16,Salary Credit - Infosys Ltd.,,70000,506700
16-Jul-16,ATM Withdrawal,3000,,509700
18-Jul-16,Petrol - Indian Oil,3000,,512700
20-Jul-16,Restaurant - Yo! China,1800,,514500
22-Jul-16,Groceries - Reliance Fresh,4300,,518800
24-Jul-16,Electronics - Tablet,12000,,530800
25-Jul-16,Mobile Recharge - Postpaid,800,,531600
26-Jul-16,Home Appliance - Microwave,7000,,538600
27-Jul-16,Clothing - W,2500,,541100
28-Jul-16,Online Shopping - Nykaa,1800,,542900
29-Jul-16,Mutual Fund SIP - ICICI Pru,5000,,547900
30-Jul-16,Payment - Credit Card,27000,,574900
1-Aug-16,Rent for August,15000,,589900
3-Aug-16,Grocery shopping - Big Bazaar,5100,,595000
5-Aug-16,Electricity Bill - BSES,2000,,597000
7-Aug-16,Water Bill - Delhi Jal Board,620,,597620
9-Aug-16,Internet Bill - Airtel,1000,,598620
12-Aug-16,School Fees - St. Mary's School,7500,,606120
14-Aug-16,Kids' Art Supplies,1200,,607320
15-Aug-16,Salary Credit - Infosys Ltd.,,71000,536320
16-Aug-16,ATM Withdrawal,3000,,539320
18-Aug-16,Petrol - Indian Oil,3100,,542420
20-Aug-16,Restaurant - Behrouz Biryani,1500,,543920
22-Aug-16,Groceries - Reliance Fresh,4400,,548320
24-Aug-16,Theme Park Visit - Kingdom of Dreams,5000,,553320
25-Aug-16,Mobile Recharge - Postpaid,800,,554120
26-Aug-16,Plumber Charges,1200,,555320
27-Jul-16,Clothing - Pantaloons,3000,,558320
28-Aug-16,Online Shopping - Snapdeal,3000,,561320
29-Aug-16,Mutual Fund SIP - ICICI Pru,5000,,566320
30-Aug-16,Payment - Credit Card,28000,,594320
1-Sep-16,Rent for September,15000,,609320
3-Sep-16,Grocery shopping - Big Bazaar,5200,,614520
5-Sep-16,Electricity Bill - BSES,2050,,616570
7-Sep-16,Water Bill - Delhi Jal Board,630,,617200
9-Sep-16,Internet Bill - Airtel,1000,,618200
12-Sep-16,School Fees - St. Mary's School,7500,,625700
14-Sep-16,Kids' Skating Lessons,2500,,628200
15-Sep-16,Salary Credit - Infosys Ltd.,,72000,556200
16-Sep-16,ATM Withdrawal,3000,,559200
18-Sep-16,Petrol - Indian Oil,3200,,562400
20-Sep-16,Restaurant - Moti Mahal,2500,,564900
22-Sep-16,Groceries - Reliance Fresh,4500,,569400
24-Sep-16,Festival Shopping - Diwali,12000,,581400
25-Sep-16,Mobile Recharge - Postpaid,800,,582200
26-Sep-16,Gift - Birthday,2500,,584700
27-Sep-16,Online Shopping - Croma,5000,,589700
28-Sep-16,Mutual Fund SIP - ICICI Pru,5000,,594700
30-Sep-16,Payment - Credit Card,29000,,623700
1-Oct-16,Rent for October,15000,,638700
3-Oct-16,Grocery shopping - Big Bazaar,5300,,644000
5-Oct-16,Electricity Bill - BSES,2100,,646100
7-Oct-16,Water Bill - Delhi Jal Board,640,,646740
9-Oct-16,Internet Bill - Airtel,1000,,647740
12-Oct-16,School Fees - St. Mary's School,7500,,655240
14-Oct-16,Kids' Dance Class Fees,2000,,657240
15-Oct-16,Salary Credit - Infosys Ltd.,,73000,584240
16-Oct-16,ATM Withdrawal,3000,,587240
18-Oct-16,Petrol - Indian Oil,3300,,590540
20-Oct-16,Restaurant - Pizza Hut,1200,,591740
22-Oct-16,Groceries - Reliance Fresh,4600,,596340
24-Oct-16,Electronics - Soundbar,6000,,602340
25-Oct-16,Mobile Recharge - Postpaid,800,,603140
26-Oct-16,Home Appliance - Coffee Maker,4000,,607140
27-Oct-16,Clothing - Marks & Spencer,3500,,610640
28-Oct-16,Online Shopping - Myntra,2500,,613140
29-Oct-16,Mutual Fund SIP - ICICI Pru,5000,,618140
30-Oct-16,Payment - Credit Card,30000,,648140
1-Nov-16,Rent for November,15000,,663140
3-Nov-16,Grocery shopping - Big Bazaar,5400,,668540
5-Nov-16,Electricity Bill - BSES,2150,,670690
7-Nov-16,Water Bill - Delhi Jal Board,650,,671340
9-Nov-16,Internet Bill - Airtel,1000,,672340
12-Nov-16,School Fees - St. Mary's School,7500,,679840
14-Nov-16,Kids' Sports Gear,3000,,682840
15-Nov-16,Salary Credit - Infosys Ltd.,,74000,608840
16-Nov-16,ATM Withdrawal,3000,,611840
18-Nov-16,Petrol - Indian Oil,3400,,615240
20-Nov-16,Restaurant - Chili's,2800,,618040
22-Nov-16,Groceries - Reliance Fresh,4700,,622740
24-Nov-16,Electronics - Smart Home Device,4000,,626740
25-Nov-16,Mobile Recharge - Postpaid,800,,627540
26-Nov-16,Home Improvement - Furniture,7000,,634540
27-Nov-16,Clothing - John Players,3000,,637540
28-Nov-16,Online Shopping - Jabong,2000,,639540
29-Nov-16,Mutual Fund SIP - ICICI Pru,5000,,644540
30-Nov-16,Payment - Credit Card,31000,,675540
1-Dec-16,Rent for December,15000,,690540
3-Dec-16,Grocery shopping - Big Bazaar,5500,,696040
5-Dec-16,Electricity Bill - BSES,2200,,698240
7-Dec-16,Water Bill - Delhi Jal Board,660,,698900
9-Dec-16,Internet Bill - Airtel,1000,,699900
12-Dec-16,School Fees - St. Mary's School,7500,,707400
14-Dec-16,Kids' Music Class Fees,1800,,709200
15-Dec-16,Salary Credit - Infosys Ltd.,,75000,634200
16-Dec-16,ATM Withdrawal,3000,,637200
18-Dec-16,Petrol - Indian Oil,3500,,640700
20-Dec-16,Restaurant - The Great Kabab Factory,3500,,644200
22-Dec-16,Groceries - Reliance Fresh,4800,,649000
24-Dec-16,New Year Gifts,8000,,657000
25-Dec-16,Mobile Recharge - Postpaid,800,,657800
26-Dec-16,Online Shopping - Pepperfry,4000,,661800
27-Dec-16,Car Service - Annual,10000,,671800
28-Dec-16,Mutual Fund SIP - ICICI Pru,5000,,676800
30-Dec-16,Payment - Credit Card,32000,,708800
31-Dec-16,Investment - Fixed Deposit,40000,,748800
1-Jan-17,Rent for January,15000,,763800
3-Jan-17,Grocery shopping - Big Bazaar,5600,,769400
5-Jan-17,Electricity Bill - BSES,2250,,771650
7-Jan-17,Water Bill - Delhi Jal Board,670,,772320
9-Jan-17,Internet Bill - Airtel,1000,,773320
12-Jan-17,School Fees - St. Mary's School,7500,,780820
14-Jan-17,Kids' Football Coaching,3000,,783820
15-Jan-17,Salary Credit - Infosys Ltd.,,76000,707820
16-Jan-17,ATM Withdrawal,3000,,710820
18-Jan-17,Petrol - Indian Oil,3600,,714420
20-Jan-17,Restaurant - Pizza Express,1900,,716320
22-Jan-17,Groceries - Reliance Fresh,4900,,721220
24-Jan-17,Electronics - Wireless Earbuds,3000,,724220
25-Jan-17,Mobile Recharge - Postpaid,800,,725020
26-Jan-17,Home Improvement - Garden Supplies,2000,,727020
27-Jan-17,Clothing - Arrow,4000,,731020
28-Jan-17,Online Shopping - Amazon,3000,,734020
29-Jan-17,Mutual Fund SIP - ICICI Pru,5000,,739020
30-Jan-17,Payment - Credit Card,33000,,772020
1-Feb-17,Rent for February,15000,,787020
3-Feb-17,Grocery shopping - Big Bazaar,5700,,792720
5-Feb-17,Electricity Bill - BSES,2300,,795020
7-Feb-17,Water Bill - Delhi Jal Board,680,,795700
9-Feb-17,Internet Bill - Airtel,1000,,796700
12-Feb-17,School Fees - St. Mary's School,7500,,804200
14-Feb-17,Kids' Dance Class Fees,2000,,806200
15-Feb-17,Salary Credit - Infosys Ltd.,,77000,729200
16-Feb-17,ATM Withdrawal,3000,,732200
18-Feb-17,Petrol - Indian Oil,3700,,735900
20-Feb-17,Restaurant - The Imperial Spice,2800,,738700
22-Feb-17,Groceries - Reliance Fresh,5000,,743700
24-Feb-17,Home Appliance - Stand Mixer,5000,,748700
25-Feb-17,Mobile Recharge - Postpaid,800,,749500
26-Feb-17,Clothing - Louis Philippe,4500,,754000
27-Feb-17,Online Shopping - FirstCry,2500,,756500
28-Feb-17,Mutual Fund SIP - ICICI Pru,5000,,761500
2017-02-29,Payment - Credit Card,34000,,795500
1-Mar-17,Rent for March,15000,,810500
3-Mar-17,Grocery shopping - Big Bazaar,5800,,816300
5-Mar-17,Electricity Bill - BSES,2350,,818650
7-Mar-17,Water Bill - Delhi Jal Board,690,,819340
9-Mar-17,Internet Bill - Airtel,1000,,820340
12-Mar-17,School Fees - St. Mary's School,7500,,827840
14-Mar-17,Kids' Swimming Lessons,3000,,830840
15-Mar-17,Salary Credit - Infosys Ltd.,,78000,752840
16-Mar-17,ATM Withdrawal,3000,,755840
18-Mar-17,Petrol - Indian Oil,3800,,759640
20-Mar-17,Restaurant - Mainland China,2600,,762240
22-Mar-17,Groceries - Reliance Fresh,5100,,767340
24-Mar-17,Home Improvement - Wallpaper,4000,,771340
25-Mar-17,Mobile Recharge - Postpaid,800,,772140
26-Mar-17,Clothing - Park Avenue,3500,,775640
27-Mar-17,Online Shopping - Shoppers Stop,3000,,778640
28-Mar-17,Mutual Fund SIP - ICICI Pru,5000,,783640
30-Mar-17,Payment - Credit Card,35000,,818640
31-Mar-17,Investment - Fixed Deposit,45000,,863640
1-Apr-17,Rent for April,15000,,878640
3-Apr-17,Grocery shopping - Big Bazaar,5900,,884540
5-Apr-17,Electricity Bill - BSES,2400,,886940
7-Apr-17,Water Bill - Delhi Jal Board,700,,887640
9-Apr-17,Internet Bill - Airtel,1000,,888640
12-Apr-17,School Fees - St. Mary's School,7500,,896140
14-Apr-17,Kids' Summer Camp Fees,5500,,901640
15-Apr-17,Salary Credit - Infosys Ltd.,,79000,822640
16-Apr-17,ATM Withdrawal,3000,,825640
18-Apr-17,Petrol - Indian Oil,3900,,829540
20-Apr-17,Restaurant - Wow Momos,1300,,830840
22-Apr-17,Groceries - Reliance Fresh,5200,,836040
24-Apr-17,Electronics - Wireless Charger,2000,,838040
25-Apr-17,Mobile Recharge - Postpaid,800,,838840
26-Apr-17,Home Appliance - Air Purifier,8000,,846840
27-Apr-17,Clothing - Allen Solly,4000,,850840
28-Apr-17,Online Shopping - Flipkart,3500,,854340
29-Apr-17,Mutual Fund SIP - ICICI Pru,5000,,859340
30-Apr-17,Payment - Credit Card,36000,,895340
1-May-17,Rent for May,15000,,910340
3-May-17,Grocery shopping - Big Bazaar,6000,,916340
5-May-17,Electricity Bill - BSES,2450,,918790
7-May-17,Water Bill - Delhi Jal Board,710,,919500
9-May-17,Internet Bill - Airtel,1000,,920500
12-May-17,School Fees - St. Mary's School,7500,,928000
14-May-17,Kids' Football Coaching,3000,,931000
15-May-17,Salary Credit - Infosys Ltd.,,80000,851000
16-May-17,ATM Withdrawal,3000,,854000
18-May-17,Petrol - Indian Oil,4000,,858000
20-May-17,Restaurant - Barbeque Nation,3200,,861200
22-May-17,Groceries - Reliance Fresh,5300,,866500
24-May-17,Electronics - Smart TV,20000,,886500
25-May-17,Mobile Recharge - Postpaid,800,,887300
26-May-17,Home Appliance - Dishwasher,15000,,902300
27-May-17,Clothing - Zara,3500,,905800
28-May-17,Online Shopping - Amazon,4000,,909800
29-May-17,Mutual Fund SIP - ICICI Pru,5000,,914800
30-May-17,Payment - Credit Card,37000,,951800
1-Jun-17,Rent for June,15000,,966800
3-Jun-17,Grocery shopping - Big Bazaar,6100,,972900
5-Jun-17,Electricity Bill - BSES,2500,,975400
7-Jun-17,Water Bill - Delhi Jal Board,720,,976120
9-Jun-17,Internet Bill - Airtel,1000,,977120
12-Jun-17,School Fees - St. Mary's School,7500,,984620
14-Jun-17,Kids' Skating Lessons,2500,,987120
15-Jun-17,Salary Credit - Infosys Ltd.,,81000,906120
16-Jun-17,ATM Withdrawal,3000,,909120
18-Jun-17,Petrol - Indian Oil,4100,,913220
20-Jun-17,Restaurant - Punjabi by Nature,2600,,915820
22-Jun-17,Groceries - Reliance Fresh,5400,,921220
24-Jun-17,Children's Books,1500,,922720
25-Jun-17,Mobile Recharge - Postpaid,800,,923520
26-Jun-17,Home Repair - AC Service,3000,,926520
27-Jun-17,Clothing - Tommy Hilfiger,5000,,931520
28-Jun-17,Online Shopping - Myntra,3000,,934520
29-Jun-17,Mutual Fund SIP - ICICI Pru,5000,,939520
30-Jun-17,Payment - Credit Card,38000,,977520
1-Jul-17,Rent for July,15000,,992520
3-Jul-17,Grocery shopping - Big Bazaar,6200,,998720
5-Jul-17,Electricity Bill - BSES,2550,,1001270
7-Jul-17,Water Bill - Delhi Jal Board,730,,1002000
9-Jul-17,Internet Bill - Airtel,1000,,1003000
12-Jul-17,School Fees - St. Mary's School,7500,,1010500
14-Jul-17,Kids' Swimming Lessons,3000,,1013500
15-Jul-17,Salary Credit - Infosys Ltd.,,82000,931500
16-Jul-17,ATM Withdrawal,3000,,934500
18-Jul-17,Petrol - Indian Oil,4200,,938700
20-Jul-17,Restaurant - Domino's Pizza,1100,,939800
22-Jul-17,Groceries - Reliance Fresh,5500,,945300
24-Jul-17,Electronics - Bluetooth Speaker,2500,,947800
25-Jul-17,Mobile Recharge - Postpaid,800,,948600
26-Jul-17,Home Appliance - Juicer Mixer,4000,,952600
27-Jul-17,Clothing - Lifestyle,3000,,955600
28-Jul-17,Online Shopping - Ajio,2000,,957600
29-Jul-17,Mutual Fund SIP - ICICI Pru,5000,,962600
30-Jul-17,Payment - Credit Card,39000,,1001600
1-Aug-17,Rent for August,15000,,1016600
3-Aug-17,Grocery shopping - Big Bazaar,6300,,1022900
5-Aug-17,Electricity Bill - BSES,2600,,1025500
7-Aug-17,Water Bill - Delhi Jal Board,740,,1026240
9-Aug-17,Internet Bill - Airtel,1000,,1027240
12-Aug-17,School Fees - St. Mary's School,7500,,1034740
14-Aug-17,Kids' Painting Class,1500,,1036240
15-Aug-17,Salary Credit - Infosys Ltd.,,83000,953240
16-Aug-17,ATM Withdrawal,3000,,956240
18-Aug-17,Petrol - Indian Oil,4300,,960540
20-Aug-17,Restaurant - Kwality Walls,1600,,962140
22-Aug-17,Groceries - Reliance Fresh,5600,,967740
24-Aug-17,Theme Park Visit - Wonderla,6000,,973740
25-Aug-17,Mobile Recharge - Postpaid,800,,974540
26-Aug-17,Electrician Charges,1500,,976040
27-Aug-17,Clothing - Westside,3000,,979040
28-Aug-17,Online Shopping - Croma,5000,,984040
29-Aug-17,Mutual Fund SIP - ICICI Pru,5000,,989040
30-Aug-17,Payment - Credit Card,40000,,1029040
1-Sep-17,Rent for September,15000,,1044040
3-Sep-17,Grocery shopping - Big Bazaar,6400,,1050440
5-Sep-17,Electricity Bill - BSES,2650,,1053090
7-Sep-17,Water Bill - Delhi Jal Board,750,,1053840
9-Sep-17,Internet Bill - Airtel,1000,,1054840
12-Sep-17,School Fees - St. Mary's School,7500,,1062340
14-Sep-17,Kids' Chess Coaching,2000,,1064340
15-Sep-17,Salary Credit - Infosys Ltd.,,84000,980340
16-Sep-17,ATM Withdrawal,3000,,983340
18-Sep-17,Petrol - Indian Oil,4400,,987740
20-Sep-17,Restaurant - Sagar Ratna,1700,,989440
22-Sep-17,Groceries - Reliance Fresh,5700,,995140
24-Sep-17,Festival Shopping - Diwali,15000,,1010140
25-Sep-17,Mobile Recharge - Postpaid,800,,1010940
26-Sep-17,Gift - Anniversary,3000,,1013940
27-Sep-17,Online Shopping - Nykaa,2000,,1015940
28-Sep-17,Mutual Fund SIP - ICICI Pru,5000,,1020940
30-Sep-17,Payment - Credit Card,41000,,1061940
1-Oct-17,Rent for October,15000,,1076940
3-Oct-17,Grocery shopping - Big Bazaar,6500,,1083440
5-Oct-17,Electricity Bill - BSES,2700,,1086140
7-Oct-17,Water Bill - Delhi Jal Board,760,,1086900
9-Oct-17,Internet Bill - Airtel,1000,,1087900
12-Oct-17,School Fees - St. Mary's School,7500,,1095400
14-Oct-17,Kids' Dance Class Fees,2000,,1097400
15-Oct-17,Salary Credit - Infosys Ltd.,,85000,1012400
16-Oct-17,ATM Withdrawal,3000,,1015400
18-Oct-17,Petrol - Indian Oil,4500,,1019900
20-Oct-17,Restaurant - KFC,1000,,1020900
22-Oct-17,Groceries - Reliance Fresh,5800,,1026700
24-Oct-17,Electronics - Smart Watch,7000,,1033700
25-Oct-17,Mobile Recharge - Postpaid,800,,1034500
26-Oct-17,Home Appliance - Air Fryer,5000,,1039500
27-Oct-17,Clothing - Van Heusen,4000,,1043500
28-Oct-17,Online Shopping - Amazon,4000,,1047500
29-Oct-17,Mutual Fund SIP - ICICI Pru,5000,,1052500
30-Oct-17,Payment - Credit Card,42000,,1094500
1-Nov-17,Rent for November,15000,,1109500
3-Nov-17,Grocery shopping - Big Bazaar,6600,,1116100
5-Nov-17,Electricity Bill - BSES,2750,,1118850
7-Nov-17,Water Bill - Delhi Jal Board,770,,1119620
9-Nov-17,Internet Bill - Airtel,1000,,1120620
12-Nov-17,School Fees - St. Mary's School,7500,,1128120
14-Nov-17,Kids' Sports Equipment,3000,,1131120
15-Nov-17,Salary Credit - Infosys Ltd.,,86000,1045120
16-Nov-17,ATM Withdrawal,3000,,1048120
18-Nov-17,Petrol - Indian Oil,4600,,1052720
20-Nov-17,Restaurant - Barbeque Nation,3300,,1056020
22-Nov-17,Groceries - Reliance Fresh,5900,,1061920
24-Nov-17,Electronics - Noise Cancelling Headphones,5000,,1066920
25-Nov-17,Mobile Recharge - Postpaid,800,,1067720
26-Nov-17,Home Renovation - Minor Repairs,6000,,1073720
27-Nov-17,Clothing - Peter England,3500,,1077220
28-Nov-17,Online Shopping - Jabong,2500,,1079720
29-Nov-17,Mutual Fund SIP - ICICI Pru,5000,,1084720
30-Nov-17,Payment - Credit Card,43000,,1127720
1-Dec-17,Rent for December,15000,,1142720
3-Dec-17,Grocery shopping - Big Bazaar,6700,,1149420
5-Dec-17,Electricity Bill - BSES,2800,,1152220
7-Dec-17,Water Bill - Delhi Jal Board,780,,1153000
9-Dec-17,Internet Bill - Airtel,1000,,1154000
12-Dec-17,School Fees - St. Mary's School,7500,,1161500
14-Dec-17,Kids' Music Class Fees,1800,,1163300
15-Dec-17,Salary Credit - Infosys Ltd.,,87000,1076300
16-Dec-17,ATM Withdrawal,3000,,1079300
18-Dec-17,Petrol - Indian Oil,4700,,1084000
20-Dec-17,Restaurant - Mainland China,2700,,1086700
22-Dec-17,Groceries - Reliance Fresh,6000,,1092700
24-Dec-17,New Year Gifts & Decor,10000,,1102700
25-Dec-17,Mobile Recharge - Postpaid,800,,1103500
26-Dec-17,Online Shopping - Flipkart,4000,,1107500
27-Dec-17,Car Maintenance - Full Service,12000,,1119500
28-Dec-17,Mutual Fund SIP - ICICI Pru,5000,,1124500
30-Dec-17,Payment - Credit Card,44000,,1168500
31-Dec-17,Investment - Fixed Deposit,50000,,1218500
1-Jan-18,Rent for January,15000,,1233500
3-Jan-18,Grocery shopping - Big Bazaar,6800,,1240300
5-Jan-18,Electricity Bill - BSES,2850,,1243150
7-Jan-18,Water Bill - Delhi Jal Board,790,,1243940
9-Jan-18,Internet Bill - Airtel,1000,,1244940
12-Jan-18,School Fees - St. Mary's School,7500,,1252440
14-Jan-18,Kids' Football Coaching,3000,,1255440
15-Jan-18,Salary Credit - Infosys Ltd.,,88000,1167440
16-Jan-18,ATM Withdrawal,3000,,1170440
18-Jan-18,Petrol - Indian Oil,4800,,1175240
20-Jan-18,Restaurant - Mc Donald's,900,,1176140
22-Jan-18,Groceries - Reliance Fresh,6100,,1182240
24-Jan-18,Electronics - Portable Hard Drive,4000,,1186240
25-Jan-18,Mobile Recharge - Postpaid,800,,1187040
26-Jan-18,Home Improvement - Wall Paint,3000,,1190040
27-Jan-18,Clothing - US Polo Assn.,3500,,1193540
28-Jan-18,Online Shopping - Myntra,2500,,1196040
29-Jan-18,Mutual Fund SIP - ICICI Pru,5000,,1201040
30-Jan-18,Payment - Credit Card,45000,,1246040
1-Feb-18,Rent for February,15000,,1261040
3-Feb-18,Grocery shopping - Big Bazaar,6900,,1267940
5-Feb-18,Electricity Bill - BSES,2900,,1270840
7-Feb-18,Water Bill - Delhi Jal Board,800,,1271640
9-Feb-18,Internet Bill - Airtel,1000,,1272640
12-Feb-18,School Fees - St. Mary's School,7500,,1280140
14-Feb-18,Kids' Dance Class Fees,2000,,1282140
15-Feb-18,Salary Credit - Infosys Ltd.,,89000,1193140
16-Feb-18,ATM Withdrawal,3000,,1196140
18-Feb-18,Petrol - Indian Oil,4900,,1201040
20-Feb-18,Restaurant - Pizza Hut,1300,,1202340
22-Feb-18,Groceries - Reliance Fresh,6200,,1208540
24-Feb-18,Home Appliance - Smart Speaker,4000,,1212540
25-Feb-18,Mobile Recharge - Postpaid,800,,1213340
26-Feb-18,Clothing - Allen Solly,4000,,1217340
27-Feb-18,Online Shopping - FirstCry,2000,,1219340
28-Feb-18,Mutual Fund SIP - ICICI Pru,5000,,1224340
2018-02-29,Payment - Credit Card,46000,,1270340
1-Mar-18,Rent for March,15000,,1285340
3-Mar-18,Grocery shopping - Big Bazaar,7000,,1292340
5-Mar-18,Electricity Bill - BSES,2950,,1295290
7-Mar-18,Water Bill - Delhi Jal Board,810,,1296100
9-Mar-18,Internet Bill - Airtel,1000,,1297100
12-Mar-18,School Fees - St. Mary's School,7500,,1304600
14-Mar-18,Kids' Swimming Lessons,3000,,1307600
15-Mar-18,Salary Credit - Infosys Ltd.,,90000,1217600
16-Mar-18,ATM Withdrawal,3000,,1220600
18-Mar-18,Petrol - Indian Oil,5000,,1225600
20-Mar-18,Restaurant - Subway,800,,1226400
22-Mar-18,Groceries - Reliance Fresh,6300,,1232700
24-Mar-18,Home Improvement - Tiles,8000,,1240700
25-Mar-18,Mobile Recharge - Postpaid,800,,1241500
26-Mar-18,Clothing - Park Avenue,4000,,1245500
27-Mar-18,Online Shopping - Amazon,4000,,1249500
28-Mar-18,Mutual Fund SIP - ICICI Pru,5000,,1254500
30-Mar-18,Payment - Credit Card,47000,,1301500
31-Mar-18,Investment - Fixed Deposit,55000,,1356500
1-Apr-18,Rent for April,15000,,1371500
3-Apr-18,Grocery shopping - Big Bazaar,7100,,1378600
5-Apr-18,Electricity Bill - BSES,3000,,1381600
7-Apr-18,Water Bill - Delhi Jal Board,820,,1382420
9-Apr-18,Internet Bill - Airtel,1000,,1383420
12-Apr-18,School Fees - St. Mary's School,7500,,1390920
14-Apr-18,Kids' Summer Camp Fees,6000,,1396920
15-Apr-18,Salary Credit - Infosys Ltd.,,91000,1305920
16-Apr-18,ATM Withdrawal,3000,,1308920
18-Apr-18,Petrol - Indian Oil,5100,,1314020
20-Apr-18,Restaurant - Wow Momos,1400,,1315420
22-Apr-18,Groceries - Reliance Fresh,6400,,1321820
24-Apr-18,Electronics - Smart Thermostat,3000,,1324820
25-Apr-18,Mobile Recharge - Postpaid,800,,1325620
26-Apr-18,Home Appliance - Coffee Grinder,2000,,1327620
27-Apr-18,Clothing - Zara,3500,,1331120
28-Apr-18,Online Shopping - Ajio,2500,,1333620
29-Apr-18,Mutual Fund SIP - ICICI Pru,5000,,1338620
30-Apr-18,Payment - Credit Card,48000,,1386620
1-May-18,Rent for May,15000,,1401620
3-May-18,Grocery shopping - Big Bazaar,7200,,1408820
5-May-18,Electricity Bill - BSES,3050,,1411870
7-May-18,Water Bill - Delhi Jal Board,830,,1412700
9-May-18,Internet Bill - Airtel,1000,,1413700
12-May-18,School Fees - St. Mary's School,7500,,1421200
14-May-18,Kids' Football Coaching,3000,,1424200
15-May-18,Salary Credit - Infosys Ltd.,,92000,1332200
16-May-18,ATM Withdrawal,3000,,1335200
18-May-18,Petrol - Indian Oil,5200,,1340400
20-May-18,Restaurant - Barbeque Nation,3400,,1343800
22-May-18,Groceries - Reliance Fresh,6500,,1350300
24-May-18,Electronics - Gaming Console,30000,,1380300
25-May-18,Mobile Recharge - Postpaid,800,,1381100
26-May-18,Home Appliance - Food Processor,6000,,1387100
27-May-18,Clothing - Shoppers Stop,3000,,1390100
28-May-18,Online Shopping - Amazon,4000,,1394100
29-May-18,Mutual Fund SIP - ICICI Pru,5000,,1399100
30-May-18,Payment - Credit Card,49000,,1448100
1-Jun-18,Rent for June,15000,,1463100
3-Jun-18,Grocery shopping - Big Bazaar,7300,,1470400
5-Jun-18,Electricity Bill - BSES,3100,,1473500
7-Jun-18,Water Bill - Delhi Jal Board,840,,1474340
9-Jun-18,Internet Bill - Airtel,1000,,1475340
12-Jun-18,School Fees - St. Mary's School,7500,,1482840
14-Jun-18,Kids' Skating Lessons,2500,,1485340
15-Jun-18,Salary Credit - Infosys Ltd.,,93000,1392340
16-Jun-18,ATM Withdrawal,3000,,1395340
18-Jun-18,Petrol - Indian Oil,5300,,1400640
20-Jun-18,Restaurant - Chili's,2900,,1403540
22-Jun-18,Groceries - Reliance Fresh,6600,,1410140
24-Jun-18,Children's Books,1500,,1411640
25-Jun-18,Mobile Recharge - Postpaid,800,,1412440
26-Jun-18,Home Repair - Plumbing,2000,,1414440
27-Jun-18,Clothing - Van Heusen,4500,,1418940
28-Jun-18,Online Shopping - Myntra,3000,,1421940
29-Jun-18,Mutual Fund SIP - ICICI Pru,5000,,1426940
30-Jun-18,Payment - Credit Card,50000,,1476940
1-Jul-18,Rent for July,15000,,1491940
3-Jul-18,Grocery shopping - Big Bazaar,7400,,1499340
5-Jul-18,Electricity Bill - BSES,3150,,1502490
7-Jul-18,Water Bill - Delhi Jal Board,850,,1503340
9-Jul-18,Internet Bill - Airtel,1000,,1504340
12-Jul-18,School Fees - St. Mary's School,7500,,1511840
14-Jul-18,Kids' Swimming Lessons,3000,,1514840
15-Jul-18,Salary Credit - Infosys Ltd.,,94000,1420840
16-Jul-18,ATM Withdrawal,3000,,1423840
18-Jul-18,Petrol - Indian Oil,5400,,1429240
20-Jul-18,Restaurant - Mainland China,2800,,1432040
22-Jul-18,Groceries - Reliance Fresh,6700,,1438740
24-Jul-18,Electronics - Tablet,13000,,1451740
25-Jul-18,Mobile Recharge - Postpaid,800,,1452540
26-Jul-18,Home Appliance - Juicer Mixer Grinder,4500,,1457040
27-Jul-18,Clothing - Westside,3000,,1460040
28-Jul-18,Online Shopping - Nykaa,2500,,1462540
29-Jul-18,Mutual Fund SIP - ICICI Pru,5000,,1467540
30-Jul-18,Payment - Credit Card,51000,,1518540
1-Aug-18,Rent for August,15000,,1533540
3-Aug-18,Grocery shopping - Big Bazaar,7500,,1541040
5-Aug-18,Electricity Bill - BSES,3200,,1544240
7-Aug-18,Water Bill - Delhi Jal Board,860,,1545100
9-Aug-18,Internet Bill - Airtel,1000,,1546100
12-Aug-18,School Fees - St. Mary's School,7500,,1553600
14-Aug-18,Kids' Painting Class,1500,,1555100
15-Aug-18,Salary Credit - Infosys Ltd.,,95000,1460100
16-Aug-18,ATM Withdrawal,3000,,1463100
18-Aug-18,Petrol - Indian Oil,5500,,1468600
20-Aug-18,Restaurant - Behrouz Biryani,1800,,1470400
22-Aug-18,Groceries - Reliance Fresh,6800,,1477200
24-Aug-18,Theme Park Visit - KidZania,7000,,1484200
25-Aug-18,Mobile Recharge - Postpaid,800,,1485000
26-Aug-18,Electrician Charges,1500,,1486500
27-Aug-18,Clothing - Pantaloons,3500,,1490000
28-Aug-18,Online Shopping - Snapdeal,3500,,1493500
29-Aug-18,Mutual Fund SIP - ICICI Pru,5000,,1498500
30-Aug-18,Payment - Credit Card,52000,,1550500
1-Sep-18,Rent for September,15000,,1565500
3-Sep-18,Grocery shopping - Big Bazaar,7600,,1573100
5-Sep-18,Electricity Bill - BSES,3250,,1576350
7-Sep-18,Water Bill - Delhi Jal Board,870,,1577220
9-Sep-18,Internet Bill - Airtel,1000,,1578220
12-Sep-18,School Fees - St. Mary's School,7500,,1585720
14-Sep-18,Kids' Chess Coaching,2000,,1587720
15-Sep-18,Salary Credit - Infosys Ltd.,,96000,1491720
16-Sep-18,ATM Withdrawal,3000,,1494720
18-Sep-18,Petrol - Indian Oil,5600,,1500320
20-Sep-18,Restaurant - Moti Mahal,2600,,1502920
22-Sep-18,Groceries - Reliance Fresh,6900,,1509820
24-Sep-18,Festival Shopping - Diwali,18000,,1527820
25-Sep-18,Mobile Recharge - Postpaid,800,,1528620
26-Sep-18,Gift - Birthday,3000,,1531620
27-Sep-18,Online Shopping - Croma,6000,,1537620
28-Sep-18,Mutual Fund SIP - ICICI Pru,5000,,1542620
30-Sep-18,Payment - Credit Card,53000,,1595620
1-Oct-18,Rent for October,15000,,1610620
3-Oct-18,Grocery shopping - Big Bazaar,7700,,1618320
5-Oct-18,Electricity Bill - BSES,3300,,1621620
7-Oct-18,Water Bill - Delhi Jal Board,880,,1622500
9-Oct-18,Internet Bill - Airtel,1000,,1623500
12-Oct-18,School Fees - St. Mary's School,7500,,1631000
14-Oct-18,Kids' Dance Class Fees,2000,,1633000
15-Oct-18,Salary Credit - Infosys Ltd.,,97000,1536000
16-Oct-18,ATM Withdrawal,3000,,1539000
18-Oct-18,Petrol - Indian Oil,5700,,1544700
20-Oct-18,Restaurant - Pizza Express,1500,,1546200
22-Oct-18,Groceries - Reliance Fresh,7000,,1553200
24-Oct-18,Electronics - Smart Home Hub,5000,,1558200
25-Oct-18,Mobile Recharge - Postpaid,800,,1559000
26-Oct-18,Home Appliance - Blender,3000,,1562000
27-Oct-18,Clothing - Louis Philippe,4500,,1566500
28-Oct-18,Online Shopping - Amazon,4500,,1571000
29-Oct-18,Mutual Fund SIP - ICICI Pru,5000,,1576000
30-Oct-18,Payment - Credit Card,54000,,1630000
1-Nov-18,Rent for November,15000,,1645000
3-Nov-18,Grocery shopping - Big Bazaar,7800,,1652800
5-Nov-18,Electricity Bill - BSES,3350,,1656150
7-Nov-18,Water Bill - Delhi Jal Board,890,,1657040
9-Nov-18,Internet Bill - Airtel,1000,,1658040
12-Nov-18,School Fees - St. Mary's School,7500,,1665540
14-Nov-18,Kids' Sports Gear,3000,,1668540
15-Nov-18,Salary Credit - Infosys Ltd.,,98000,1570540
16-Nov-18,ATM Withdrawal,3000,,1573540
18-Nov-18,Petrol - Indian Oil,5800,,1579340
20-Nov-18,Restaurant - The Great Kabab Factory,3500,,1582840
22-Nov-18,Groceries - Reliance Fresh,7100,,1589940
24-Nov-18,Electronics - Smartwatch Upgrade,8000,,1597940
25-Nov-18,Mobile Recharge - Postpaid,800,,1598740
26-Nov-18,Home Appliance - Bread Maker,3000,,1601740
27-Nov-18,Clothing - Arrow,4000,,1605740
28-Nov-18,Online Shopping - FirstCry,2500,,1608240
29-Nov-18,Mutual Fund SIP - ICICI Pru,5000,,1613240
30-Nov-18,Payment - Credit Card,55000,,1668240
1-Dec-18,Rent for December,15000,,1683240
3-Dec-18,Grocery shopping - Big Bazaar,7900,,1691140
5-Dec-18,Electricity Bill - BSES,3400,,1694540
7-Dec-18,Water Bill - Delhi Jal Board,900,,1695440
9-Dec-18,Internet Bill - Airtel,1000,,1696440
12-Dec-18,School Fees - St. Mary's School,7500,,1703940
14-Dec-18,Kids' Music Class Fees,1800,,1705740
15-Dec-18,Salary Credit - Infosys Ltd.,,99000,1606740
16-Dec-18,ATM Withdrawal,3000,,1609740
18-Dec-18,Petrol - Indian Oil,5900,,1615640
20-Dec-18,Restaurant - Yo! China,1900,,1617540
22-Dec-18,Groceries - Reliance Fresh,7200,,1624740
24-Dec-18,Holiday Gifts & Decorations,12000,,1636740
25-Dec-18,Mobile Recharge - Postpaid,800,,1637540
26-Dec-18,Online Shopping - Pepperfry,4500,,1642040
27-Dec-18,Car Service - Minor Repair,7000,,1649040
28-Dec-18,Mutual Fund SIP - ICICI Pru,5000,,1654040
30-Dec-18,Payment - Credit Card,56000,,1710040
31-Dec-18,Investment - Fixed Deposit,60000,,1770040
1-Jan-19,Rent for January,15000,,1785040
3-Jan-19,Grocery shopping - Big Bazaar,8000,,1793040
5-Jan-19,Electricity Bill - BSES,3450,,1796490
7-Jan-19,Water Bill - Delhi Jal Board,910,,1797400
9-Jan-19,Internet Bill - Airtel,1000,,1798400
12-Jan-19,School Fees - St. Mary's School,7500,,1805900
14-Jan-19,Kids' Football Coaching,3000,,1808900
15-Jan-19,Salary Credit - Infosys Ltd.,,100000,1708900
16-Jan-19,ATM Withdrawal,3000,,1711900
18-Jan-19,Petrol - Indian Oil,6000,,1717900
20-Jan-19,Restaurant - Mc Donald's,1000,,1718900
22-Jan-19,Groceries - Reliance Fresh,7300,,1726200
24-Jan-19,Electronics - Smart Speaker System,6000,,1732200
25-Jan-19,Mobile Recharge - Postpaid,800,,1733000
26-Jan-19,Home Improvement - Bathroom Fixtures,5000,,1738000
27-Jan-19,Clothing - US Polo Assn.,4000,,1742000
28-Jan-19,Online Shopping - Myntra,3000,,1745000
29-Jan-19,Mutual Fund SIP - ICICI Pru,5000,,1750000
30-Jan-19,Payment - Credit Card,57000,,1807000
1-Feb-19,Rent for February,15000,,1822000
3-Feb-19,Grocery shopping - Big Bazaar,8100,,1830100
5-Feb-19,Electricity Bill - BSES,3500,,1833600
7-Feb-19,Water Bill - Delhi Jal Board,920,,1834520
9-Feb-19,Internet Bill - Airtel,1000,,1835520
12-Feb-19,School Fees - St. Mary's School,7500,,1843020
14-Feb-19,Kids' Dance Class Fees,2000,,1845020
15-Feb-19,Salary Credit - Infosys Ltd.,,101000,1744020
16-Feb-19,ATM Withdrawal,3000,,1747020
18-Feb-19,Petrol - Indian Oil,6100,,1753120
20-Feb-19,Restaurant - Pizza Hut,1400,,1754520
22-Feb-19,Groceries - Reliance Fresh,7400,,1761920
24-Feb-19,Home Appliance - Espresso Machine,8000,,1769920
25-Feb-19,Mobile Recharge - Postpaid,800,,1770720
26-Feb-19,Clothing - Arrow,4500,,1775220
27-Feb-19,Online Shopping - FirstCry,2500,,1777720
28-Feb-19,Mutual Fund SIP - ICICI Pru,5000,,1782720
2019-02-29,Payment - Credit Card,58000,,1840720
1-Mar-19,Rent for March,15000,,1855720
3-Mar-19,Grocery shopping - Big Bazaar,8200,,1863920
5-Mar-19,Electricity Bill - BSES,3550,,1867470
7-Mar-19,Water Bill - Delhi Jal Board,930,,1868400
9-Mar-19,Internet Bill - Airtel,1000,,1869400
12-Mar-19,School Fees - St. Mary's School,7500,,1876900
14-Mar-19,Kids' Swimming Lessons,3000,,1879900
15-Mar-19,Salary Credit - Infosys Ltd.,,102000,1777900
16-Mar-19,ATM Withdrawal,3000,,1780900
18-Mar-19,Petrol - Indian Oil,6200,,1787100
20-Mar-19,Restaurant - Mainland China,2900,,1790000
22-Mar-19,Groceries - Reliance Fresh,7500,,1797500
24-Mar-19,Home Improvement - Kitchen Countertop,10000,,1807500
25-Mar-19,Mobile Recharge - Postpaid,800,,1808300
26-Mar-19,Clothing - Park Avenue,4000,,1812300
27-Mar-19,Online Shopping - Amazon,5000,,1817300
28-Mar-19,Mutual Fund SIP - ICICI Pru,5000,,1822300
30-Mar-19,Payment - Credit Card,59000,,1881300
31-Mar-19,Investment - Fixed Deposit,70000,,1951300
1-Apr-19,Rent for April,15000,,1966300
3-Apr-19,Grocery shopping - Big Bazaar,8300,,1974600
5-Apr-19,Electricity Bill - BSES,3600,,1978200
7-Apr-19,Water Bill - Delhi Jal Board,940,,1979140
9-Apr-19,Internet Bill - Airtel,1000,,1980140
12-Apr-19,School Fees - St. Mary's School,7500,,1987640
14-Apr-19,Kids' Summer Camp Fees,6500,,1994140
15-Apr-19,Salary Credit - Infosys Ltd.,,103000,1891140
16-Apr-19,ATM Withdrawal,3000,,1894140
18-Apr-19,Petrol - Indian Oil,6300,,1900440
20-Apr-19,Restaurant - Wow Momos,1500,,1901940
22-Apr-19,Groceries - Reliance Fresh,7600,,1909540
24-Apr-19,Electronics - Smart Display,4000,,1913540
25-Apr-19,Mobile Recharge - Postpaid,800,,1914340
26-Apr-19,Home Appliance - Air Purifier Large,10000,,1924340
27-Apr-19,Clothing - Tommy Hilfiger,5000,,1929340
28-Apr-19,Online Shopping - Ajio,3000,,1932340
29-Apr-19,Mutual Fund SIP - ICICI Pru,5000,,1937340
30-Apr-19,Payment - Credit Card,60000,,1997340
1-May-19,Rent for May,15000,,2012340
3-May-19,Grocery shopping - Big Bazaar,8400,,2020740
5-May-19,Electricity Bill - BSES,3650,,2024390
7-May-19,Water Bill - Delhi Jal Board,950,,2025340
9-May-19,Internet Bill - Airtel,1000,,2026340
12-May-19,School Fees - St. Mary's School,7500,,2033840
14-May-19,Kids' Football Coaching,3000,,2036840
15-May-19,Salary Credit - Infosys Ltd.,,104000,1932840
16-May-19,ATM Withdrawal,3000,,1935840
18-May-19,Petrol - Indian Oil,6400,,1942240
20-May-19,Restaurant - Barbeque Nation,3500,,1945740
22-May-19,Groceries - Reliance Fresh,7700,,1953440
24-May-19,Electronics - Smart Home Security,15000,,1968440
25-May-19,Mobile Recharge - Postpaid,800,,1969240
26-May-19,Home Appliance - Food Steamer,2500,,1971740
27-May-19,Clothing - Shoppers Stop,3500,,1975240
28-May-19,Online Shopping - Amazon,5000,,1980240
29-May-19,Mutual Fund SIP - ICICI Pru,5000,,1985240
30-May-19,Payment - Credit Card,61000,,2046240
1-Jun-19,Rent for June,15000,,2061240
3-Jun-19,Grocery shopping - Big Bazaar,8500,,2069740
5-Jun-19,Electricity Bill - BSES,3700,,2073440
7-Jun-19,Water Bill - Delhi Jal Board,960,,2074400
9-Jun-19,Internet Bill - Airtel,1000,,2075400
12-Jun-19,School Fees - St. Mary's School,7500,,2082900
14-Jun-19,Kids' Skating Lessons,2500,,2085400
15-Jun-19,Salary Credit - Infosys Ltd.,,105000,1980400
16-Jun-19,ATM Withdrawal,3000,,1983400
18-Jun-19,Petrol - Indian Oil,6500,,1989900
20-Jun-19,Restaurant - Subway,900,,1990800
22-Jun-19,Groceries - Reliance Fresh,7800,,1998600
24-Jun-19,Children's Books,1800,,2000400
25-Jun-19,Mobile Recharge - Postpaid,800,,2001200
26-Jun-19,Home Repair - Water Tank Leak,2500,,2003700
27-Jun-19,Clothing - Van Heusen,5000,,2008700
28-Jun-19,Online Shopping - Myntra,3500,,2012200
29-Jun-19,Mutual Fund SIP - ICICI Pru,5000,,2017200
30-Jun-19,Payment - Credit Card,62000,,2079200
1-Jul-19,Rent for July,15000,,2094200
3-Jul-19,Grocery shopping - Big Bazaar,8600,,2102800
5-Jul-19,Electricity Bill - BSES,3750,,2106550
7-Jul-19,Water Bill - Delhi Jal Board,970,,2107520
9-Jul-19,Internet Bill - Airtel,1000,,2108520
12-Jul-19,School Fees - St. Mary's School,7500,,2116020
14-Jul-19,Kids' Swimming Lessons,3000,,2119020
15-Jul-19,Salary Credit - Infosys Ltd.,,106000,2013020
16-Jul-19,ATM Withdrawal,3000,,2016020
18-Jul-19,Petrol - Indian Oil,6600,,2022620
20-Jul-19,Restaurant - Mainland China,2900,,2025520
22-Jul-19,Groceries - Reliance Fresh,7900,,2033420
24-Jul-19,Electronics - Bluetooth Headphones,3000,,2036420
25-Jul-19,Mobile Recharge - Postpaid,800,,2037220
26-Jul-19,Home Appliance - Grinder,3000,,2040220
27-Jul-19,Clothing - Westside,3500,,2043720
28-Jul-19,Online Shopping - Nykaa,2500,,2046220
29-Jul-19,Mutual Fund SIP - ICICI Pru,5000,,2051220
30-Jul-19,Payment - Credit Card,63000,,2114220
1-Aug-19,Rent for August,15000,,2129220
3-Aug-19,Grocery shopping - Big Bazaar,8700,,2137920
5-Aug-19,Electricity Bill - BSES,3800,,2141720
7-Aug-19,Water Bill - Delhi Jal Board,980,,2142700
9-Aug-19,Internet Bill - Airtel,1000,,2143700
12-Aug-19,School Fees - St. Mary's School,7500,,2151200
14-Aug-19,Kids' Painting Class,1500,,2152700
15-Aug-19,Salary Credit - Infosys Ltd.,,107000,2045700
16-Aug-19,ATM Withdrawal,3000,,2048700
18-Aug-19,Petrol - Indian Oil,6700,,2055400
20-Aug-19,Restaurant - Behrouz Biryani,1900,,2057300
22-Aug-19,Groceries - Reliance Fresh,8000,,2065300
24-Aug-19,Theme Park Visit - Kingdom of Dreams,8000,,2073300
25-Aug-19,Mobile Recharge - Postpaid,800,,2074100
26-Aug-19,Plumber Charges,2000,,2076100
27-Aug-19,Clothing - Pantaloons,4000,,2080100
28-Aug-19,Online Shopping - Snapdeal,4000,,2084100
29-Aug-19,Mutual Fund SIP - ICICI Pru,5000,,2089100
30-Aug-19,Payment - Credit Card,64000,,2153100
1-Sep-19,Rent for September,15000,,2168100
3-Sep-19,Grocery shopping - Big Bazaar,8800,,2176900
5-Sep-19,Electricity Bill - BSES,3850,,2180750
7-Sep-19,Water Bill - Delhi Jal Board,990,,2181740
9-Sep-19,Internet Bill - Airtel,1000,,2182740
12-Sep-19,School Fees - St. Mary's School,7500,,2190240
14-Sep-19,Kids' Chess Coaching,2000,,2192240
15-Sep-19,Salary Credit - Infosys Ltd.,,108000,2084240
16-Sep-19,ATM Withdrawal,3000,,2087240
18-Sep-19,Petrol - Indian Oil,6800,,2094040
20-Sep-19,Restaurant - Sagar Ratna,1800,,2095840
22-Sep-19,Groceries - Reliance Fresh,8100,,2103940
24-Sep-19,Festival Shopping - Diwali,20000,,2123940
25-Sep-19,Mobile Recharge - Postpaid,800,,2124740
26-Sep-19,Gift - Anniversary,3500,,2128240
27-Sep-19,Online Shopping - Croma,7000,,2135240
28-Sep-19,Mutual Fund SIP - ICICI Pru,5000,,2140240
30-Sep-19,Payment - Credit Card,65000,,2205240
1-Oct-19,Rent for October,15000,,2220240
3-Oct-19,Grocery shopping - Big Bazaar,8900,,2229140
5-Oct-19,Electricity Bill - BSES,3900,,2233040
7-Oct-19,Water Bill - Delhi Jal Board,1000,,2234040
9-Oct-19,Internet Bill - Airtel,1000,,2235040
12-Oct-19,School Fees - St. Mary's School,7500,,2242540
14-Oct-19,Kids' Dance Class Fees,2000,,2244540
15-Oct-19,Salary Credit - Infosys Ltd.,,109000,2135540
16-Oct-19,ATM Withdrawal,3000,,2138540
18-Oct-19,Petrol - Indian Oil,6900,,2145440
20-Oct-19,Restaurant - Pizza Express,1600,,2147040
22-Oct-19,Groceries - Reliance Fresh,8200,,2155240
24-Oct-19,Electronics - Smart Speaker Mini,3000,,2158240
25-Oct-19,Mobile Recharge - Postpaid,800,,2159040
26-Oct-19,Home Appliance - Toaster Oven,4000,,2163040
27-Oct-19,Clothing - Louis Philippe,5000,,2168040
28-Oct-19,Online Shopping - Amazon,5000,,2173040
29-Oct-19,Mutual Fund SIP - ICICI Pru,5000,,2178040
30-Oct-19,Payment - Credit Card,66000,,2244040
1-Nov-19,Rent for November,15000,,2259040
3-Nov-19,Grocery shopping - Big Bazaar,9000,,2268040
5-Nov-19,Electricity Bill - BSES,3950,,2271990
7-Nov-19,Water Bill - Delhi Jal Board,1010,,2273000
9-Nov-19,Internet Bill - Airtel,1000,,2274000
12-Nov-19,School Fees - St. Mary's School,7500,,2281500
14-Nov-19,Kids' Sports Equipment,3500,,2285000
15-Nov-19,Salary Credit - Infosys Ltd.,,110000,2175000
16-Nov-19,ATM Withdrawal,3000,,2178000
18-Nov-19,Petrol - Indian Oil,7000,,2185000
20-Nov-19,Restaurant - Barbeque Nation,3600,,2188600
22-Nov-19,Groceries - Reliance Fresh,8300,,2196900
24-Nov-19,Electronics - Noise Cancelling Earbuds,4000,,2200900
25-Nov-19,Mobile Recharge - Postpaid,800,,2201700
26-Nov-19,Home Appliance - Sandwich Maker,2000,,2203700
27-Nov-19,Clothing - Arrow,5000,,2208700
28-Nov-19,Online Shopping - Jabong,3000,,2211700
29-Nov-19,Mutual Fund SIP - ICICI Pru,5000,,2216700
30-Nov-19,Payment - Credit Card,67000,,2283700
1-Dec-19,Rent for December,15000,,2298700
3-Dec-19,Grocery shopping - Big Bazaar,9100,,2307800
5-Dec-19,Electricity Bill - BSES,4000,,2311800
7-Dec-19,Water Bill - Delhi Jal Board,1020,,2312820
9-Dec-19,Internet Bill - Airtel,1000,,2313820
12-Dec-19,School Fees - St. Mary's School,7500,,2321320
14-Dec-19,Kids' Music Class Fees,1800,,2323120
15-Dec-19,Salary Credit - Infosys Ltd.,,111000,2212120
16-Dec-19,ATM Withdrawal,3000,,2215120
18-Dec-19,Petrol - Indian Oil,7100,,2222220
20-Dec-19,Restaurant - Mainland China,3000,,2225220
22-Dec-19,Groceries - Reliance Fresh,8400,,2233620
24-Dec-19,Holiday Gifts & Party Supplies,15000,,2248620
25-Dec-19,Mobile Recharge - Postpaid,800,,2249420
26-Dec-19,Online Shopping - Flipkart,5000,,2254420
27-Dec-19,Car Maintenance - Full Service,15000,,2269420
28-Dec-19,Mutual Fund SIP - ICICI Pru,5000,,2274420
30-Dec-19,Payment - Credit Card,68000,,2342420
31-Dec-19,Investment - Fixed Deposit,80000,,2422420
1-Jan-20,Rent for January,15000,,2437420
3-Jan-20,Grocery shopping - Big Bazaar,9200,,2446620
5-Jan-20,Electricity Bill - BSES,4050,,2450670
7-Jan-20,Water Bill - Delhi Jal Board,1030,,2451700
9-Jan-20,Internet Bill - Airtel,1000,,2452700
12-Jan-20,School Fees - St. Mary's School,7500,,2460200
14-Jan-20,Kids' Football Coaching,3000,,2463200
15-Jan-20,Salary Credit - Infosys Ltd.,,112000,2351200
16-Jan-20,ATM Withdrawal,3000,,2354200
18-Jan-20,Petrol - Indian Oil,7200,,2361400
20-Jan-20,Restaurant - Mc Donald's,1100,,2362500
22-Jan-20,Groceries - Reliance Fresh,8500,,2371000
24-Jan-20,Electronics - Smart Bulb Set,2000,,2373000
25-Jan-20,Mobile Recharge - Postpaid,800,,2373800
26-Jan-20,Home Improvement - Painting Supplies,4000,,2377800
27-Jan-20,Clothing - US Polo Assn.,4500,,2382300
28-Jan-20,Online Shopping - Myntra,3500,,2385800
29-Jan-20,Mutual Fund SIP - ICICI Pru,5000,,2390800
30-Jan-20,Payment - Credit Card,69000,,2459800
1-Feb-20,Rent for February,15000,,2474800
3-Feb-20,Grocery shopping - Big Bazaar,9300,,2484100
5-Feb-20,Electricity Bill - BSES,4100,,2488200
7-Feb-20,Water Bill - Delhi Jal Board,1040,,2489240
9-Feb-20,Internet Bill - Airtel,1000,,2490240
12-Feb-20,School Fees - St. Mary's School,7500,,2497740
14-Feb-20,Kids' Dance Class Fees,2000,,2499740
15-Feb-20,Salary Credit - Infosys Ltd.,,113000,2386740
16-Feb-20,ATM Withdrawal,3000,,2389740
18-Feb-20,Petrol - Indian Oil,7300,,2397040
20-Feb-20,Restaurant - Pizza Express,1700,,2398740
22-Feb-20,Groceries - Reliance Fresh,8600,,2407340
24-Feb-20,Home Appliance - Blender,3500,,2410840
25-Feb-20,Mobile Recharge - Postpaid,800,,2411640
26-Feb-20,Clothing - Arrow,5000,,2416640
27-Feb-20,Online Shopping - FirstCry,3000,,2419640
28-Feb-20,Mutual Fund SIP - ICICI Pru,5000,,2424640
29-Feb-20,Payment - Credit Card,70000,,2494640
1-Mar-20,Rent for March,15000,,2509640
3-Mar-20,Grocery shopping - Big Bazaar,9400,,2519040
5-Mar-20,Electricity Bill - BSES,4150,,2523190
7-Mar-20,Water Bill - Delhi Jal Board,1050,,2524240
9-Mar-20,Internet Bill - Airtel,1000,,2525240
12-Mar-20,School Fees - St. Mary's School,7500,,2532740
14-Mar-20,Kids' Swimming Lessons,3000,,2535740
15-Mar-20,Salary Credit - Infosys Ltd.,,114000,2421740
16-Mar-20,ATM Withdrawal,3000,,2424740
18-Mar-20,Petrol - Indian Oil,7400,,2432140
20-Mar-20,Restaurant - Mainland China,3100,,2435240
22-Mar-20,Groceries - Reliance Fresh,8700,,2443940
24-Mar-20,Electronics - Smart Display Hub,6000,,2449940
25-Mar-20,Mobile Recharge - Postpaid,800,,2450740
26-Mar-20,Home Appliance - Waffle Maker,2500,,2453240
27-Mar-20,Clothing - Park Avenue,5000,,2458240
28-Mar-20,Online Shopping - Amazon,5000,,2463240
29-Mar-20,Mutual Fund SIP - ICICI Pru,5000,,2468240
30-Mar-20,Payment - Credit Card,71000,,2539240
1-Apr-20,Rent for April,15000,,2554240
3-Apr-20,Grocery shopping - Big Bazaar,9500,,2563740
5-Apr-20,Electricity Bill - BSES,4200,,2567940
7-Apr-20,Water Bill - Delhi Jal Board,1060,,2569000
9-Apr-20,Internet Bill - Airtel,1000,,2570000
12-Apr-20,School Fees - St. Mary's School,7500,,2577500
14-Apr-20,Kids' Football Coaching,3000,,2580500
15-Apr-20,Salary Credit - Infosys Ltd.,,115000,2465500
16-Apr-20,ATM Withdrawal,3000,,2468500
18-Apr-20,Petrol - Indian Oil,7500,,2476000
20-Apr-20,Restaurant - Wow Momos,1600,,2477600
22-Apr-20,Groceries - Reliance Fresh,8800,,2486400
24-Apr-20,Electronics - Wireless Earbuds Pro,5000,,2491400
25-Apr-20,Mobile Recharge - Postpaid,800,,2492200
26-Apr-20,Home Appliance - Air Fryer XL,7000,,2499200
27-Apr-20,Clothing - Tommy Hilfiger,5500,,2504700
28-Apr-20,Online Shopping - Ajio,3500,,2508200
29-Apr-20,Mutual Fund SIP - ICICI Pru,5000,,2513200
30-Apr-20,Payment - Credit Card,72000,,2585200
1-May-20,Rent for May,15000,,2600200
3-May-20,Grocery shopping - Big Bazaar,9600,,2609800
5-May-20,Electricity Bill - BSES,4250,,2614050
7-May-20,Water Bill - Delhi Jal Board,1070,,2615120
9-May-20,Internet Bill - Airtel,1000,,2616120
12-May-20,School Fees - St. Mary's School,7500,,2623620
14-May-20,Kids' Dance Class Fees,2000,,2625620
15-May-20,Salary Credit - Infosys Ltd.,,116000,2509620
16-May-20,ATM Withdrawal,3000,,2512620
18-May-20,Petrol - Indian Oil,7600,,2520220
20-May-20,Restaurant - Barbeque Nation,3700,,2523920
22-May-20,Groceries - Reliance Fresh,8900,,2532820
24-May-20,Electronics - Smart TV Upgrade,25000,,2557820
25-May-20,Mobile Recharge - Postpaid,800,,2558620
26-May-20,Home Appliance - Coffee Maker,4500,,2563120
27-May-20,Clothing - Shoppers Stop,4000,,2567120
28-May-20,Online Shopping - Amazon,5500,,2572620
29-May-20,Mutual Fund SIP - ICICI Pru,5000,,2577620
30-May-20,Payment - Credit Card,73000,,2650620
1-Jun-20,Rent for June,15000,,2665620
3-Jun-20,Grocery shopping - Big Bazaar,9700,,2675320
5-Jun-20,Electricity Bill - BSES,4300,,2679620
7-Jun-20,Water Bill - Delhi Jal Board,1080,,2680700
9-Jun-20,Internet Bill - Airtel,1000,,2681700
12-Jun-20,School Fees - St. Mary's School,7500,,2689200
14-Jun-20,Kids' Football Coaching,3000,,2692200
15-Jun-20,Salary Credit - Infosys Ltd.,,117000,2575200
16-Jun-20,ATM Withdrawal,3000,,2578200
18-Jun-20,Petrol - Indian Oil,7700,,2585900
20-Jun-20,Restaurant - Mainland China,3200,,2589100
22-Jun-20,Groceries - Reliance Fresh,9000,,2598100
24-Jun-20,Children's Books,2000,,2600100
25-Jun-20,Mobile Recharge - Postpaid,800,,2600900
26-Jun-20,Home Repair - Painting,6000,,2606900
27-Jun-20,Clothing - Van Heusen,6000,,2612900
28-Jun-20,Online Shopping - Myntra,4000,,2616900
29-Jun-20,Mutual Fund SIP - ICICI Pru,5000,,2621900
30-Jun-20,Payment - Credit Card,74000,,2695900
1-Jul-20,Rent for July,15000,,2710900
3-Jul-20,Grocery shopping - Big Bazaar,9800,,2720700
5-Jul-20,Electricity Bill - BSES,4350,,2725050
7-Jul-20,Water Bill - Delhi Jal Board,1090,,2726140
9-Jul-20,Internet Bill - Airtel,1000,,2727140
12-Jul-20,School Fees - St. Mary's School,7500,,2734640
14-Jul-20,Kids' Skating Lessons,2500,,2737140
15-Jul-20,Salary Credit - Infosys Ltd.,,118000,2619140
16-Jul-20,ATM Withdrawal,3000,,2622140
18-Jul-20,Petrol - Indian Oil,7800,,2629940
20-Jul-20,Restaurant - Wow Momos,1700,,2631640
22-Jul-20,Groceries - Reliance Fresh,9100,,2640740
24-Jul-20,Electronics - Smart Speaker,5000,,2645740
25-Jul-20,Mobile Recharge - Postpaid,800,,2646540
26-Jul-20,Home Appliance - Rice Cooker,3000,,2649540
27-Jul-20,Clothing - Westside,4000,,2653540
28-Jul-20,Online Shopping - Nykaa,3000,,2656540
29-Jul-20,Mutual Fund SIP - ICICI Pru,5000,,2661540
30-Jul-20,Payment - Credit Card,75000,,2736540
1-Aug-20,Rent for August,15000,,2751540
3-Aug-20,Grocery shopping - Big Bazaar,9900,,2761440
5-Aug-20,Electricity Bill - BSES,4400,,2765840
7-Aug-20,Water Bill - Delhi Jal Board,1100,,2766940
9-Aug-20,Internet Bill - Airtel,1000,,2767940
12-Aug-20,School Fees - St. Mary's School,7500,,2775440
14-Aug-20,Kids' Painting Class,1500,,2776940
15-Aug-20,Salary Credit - Infosys Ltd.,,119000,2657940
16-Aug-20,ATM Withdrawal,3000,,2660940
18-Aug-20,Petrol - Indian Oil,7900,,2668840
20-Aug-20,Restaurant - Behrouz Biryani,2000,,2670840
22-Aug-20,Groceries - Reliance Fresh,9200,,2680040
24-Aug-20,Theme Park Visit - Wonderla,9000,,2689040
25-Aug-20,Mobile Recharge - Postpaid,800,,2689840
26-Aug-20,Electrician Charges,2000,,2691840
27-Aug-20,Clothing - Pantaloons,4500,,2696340
28-Aug-20,Online Shopping - Snapdeal,4500,,2700840
29-Aug-20,Mutual Fund SIP - ICICI Pru,5000,,2705840
30-Aug-20,Payment - Credit Card,76000,,2781840
1-Sep-20,Rent for September,15000,,2796840
3-Sep-20,Grocery shopping - Big Bazaar,10000,,2806840
5-Sep-20,Electricity Bill - BSES,4450,,2811290
7-Sep-20,Water Bill - Delhi Jal Board,1110,,2812400
9-Sep-20,Internet Bill - Airtel,1000,,2813400
12-Sep-20,School Fees - St. Mary's School,7500,,2820900
14-Sep-20,Kids' Chess Coaching,2000,,2822900
15-Sep-20,Salary Credit - Infosys Ltd.,,120000,2702900
16-Sep-20,ATM Withdrawal,3000,,2705900
18-Sep-20,Petrol - Indian Oil,8000,,2713900
20-Sep-20,Restaurant - Sagar Ratna,1900,,2715800
22-Sep-20,Groceries - Reliance Fresh,9300,,2725100
24-Sep-20,Festival Shopping - Diwali,22000,,2747100
25-Sep-20,Mobile Recharge - Postpaid,800,,2747900
26-Sep-20,Gift - Birthday,4000,,2751900
27-Sep-20,Online Shopping - Croma,8000,,2759900
28-Sep-20,Mutual Fund SIP - ICICI Pru,5000,,2764900
30-Sep-20,Payment - Credit Card,77000,,2841900
1-Oct-20,Rent for October,15000,,2856900
3-Oct-20,Grocery shopping - Big Bazaar,10100,,2867000
5-Oct-20,Electricity Bill - BSES,4500,,2871500
7-Oct-20,Water Bill - Delhi Jal Board,1120,,2872620
9-Oct-20,Internet Bill - Airtel,1000,,2873620
12-Oct-20,School Fees - St. Mary's School,7500,,2881120
14-Oct-20,Kids' Dance Class Fees,2000,,2883120
15-Oct-20,Salary Credit - Infosys Ltd.,,121000,2762120
16-Oct-20,ATM Withdrawal,3000,,2765120
18-Oct-20,Petrol - Indian Oil,8100,,2773220
20-Oct-20,Restaurant - Pizza Express,1800,,2775020
22-Oct-20,Groceries - Reliance Fresh,9400,,2784420
24-Oct-20,Electronics - Smart Home Device,7000,,2791420
25-Oct-20,Mobile Recharge - Postpaid,800,,2792220
26-Oct-20,Home Appliance - Air Fryer,5000,,2797220
27-Oct-20,Clothing - Louis Philippe,6000,,2803220
28-Oct-20,Online Shopping - Amazon,6000,,2809220
29-Oct-20,Mutual Fund SIP - ICICI Pru,5000,,2814220
30-Oct-20,Payment - Credit Card,78000,,2892220
1-Nov-20,Rent for November,15000,,2907220
3-Nov-20,Grocery shopping - Big Bazaar,10200,,2917420
5-Nov-20,Electricity Bill - BSES,4550,,2921970
7-Nov-20,Water Bill - Delhi Jal Board,1130,,2923100
9-Nov-20,Internet Bill - Airtel,1000,,2924100
12-Nov-20,School Fees - St. Mary's School,7500,,2931600
14-Nov-20,Kids' Sports Gear,4000,,2935600
15-Nov-20,Salary Credit - Infosys Ltd.,,122000,2813600
16-Nov-20,ATM Withdrawal,3000,,2816600
18-Nov-20,Petrol - Indian Oil,8200,,2824800
20-Nov-20,Restaurant - Barbeque Nation,3800,,2828600
22-Nov-20,Groceries - Reliance Fresh,9500,,2838100
24-Nov-20,Electronics - Noise Cancelling Headphones,6000,,2844100
25-Nov-20,Mobile Recharge - Postpaid,800,,2844900
26-Nov-20,Home Appliance - Sandwich Maker,2500,,2847400
27-Nov-20,Clothing - Arrow,6000,,2853400
28-Nov-20,Online Shopping - Jabong,3500,,2856900
29-Nov-20,Mutual Fund SIP - ICICI Pru,5000,,2861900
30-Nov-20,Payment - Credit Card,79000,,2940900
1-Dec-20,Rent for December,15000,,2955900
3-Dec-20,Grocery shopping - Big Bazaar,10300,,2966200
5-Dec-20,Electricity Bill - BSES,4600,,2970800
7-Dec-20,Water Bill - Delhi Jal Board,1140,,2971940
9-Dec-20,Internet Bill - Airtel,1000,,2972940
12-Dec-20,School Fees - St. Mary's School,7500,,2980440
14-Dec-20,Kids' Music Class Fees,1800,,2982240
15-Dec-20,Salary Credit - Infosys Ltd.,,123000,2859240
16-Dec-20,ATM Withdrawal,3000,,2862240
18-Dec-20,Petrol - Indian Oil,8300,,2870540
20-Dec-20,Restaurant - Mainland China,3300,,2873840
22-Dec-20,Groceries - Reliance Fresh,9600,,2883440
24-Dec-20,Holiday Gifts & Decorations,18000,,2901440
25-Dec-20,Mobile Recharge - Postpaid,800,,2902240
26-Dec-20,Online Shopping - Flipkart,6000,,2908240
27-Dec-20,Car Maintenance - Full Service,18000,,2926240
28-Dec-20,Mutual Fund SIP - ICICI Pru,5000,,2931240
30-Dec-20,Payment - Credit Card,80000,,3011240
31-Dec-20,Investment - Fixed Deposit,100000,,3111240
1-Jan-21,Rent for January,15000,,3126240
3-Jan-21,Grocery shopping - Big Bazaar,10400,,3136640
5-Jan-21,Electricity Bill - BSES,4650,,3141290
7-Jan-21,Water Bill - Delhi Jal Board,1150,,3142440
9-Jan-21,Internet Bill - Airtel,1000,,3143440
12-Jan-21,School Fees - St. Mary's School,7500,,3150940
14-Jan-21,Kids' Football Coaching,3000,,3153940
15-Jan-21,Salary Credit - Infosys Ltd.,,124000,3029940
16-Jan-21,ATM Withdrawal,3000,,3032940
18-Jan-21,Petrol - Indian Oil,8400,,3041340
20-Jan-21,Restaurant - Mc Donald's,1200,,3042540
22-Jan-21,Groceries - Reliance Fresh,9700,,3052240
24-Jan-21,Electronics - Smart Home Security Camera,8000,,3060240
25-Jan-21,Mobile Recharge - Postpaid,800,,3061040
26-Jan-21,Home Improvement - Bathroom Renovation,12000,,3073040
27-Jan-21,Clothing - US Polo Assn.,5000,,3078040
28-Jan-21,Online Shopping - Myntra,4000,,3082040
29-Jan-21,Mutual Fund SIP - ICICI Pru,5000,,3087040
30-Jan-21,Payment - Credit Card,81000,,3168040
1-Feb-21,Rent for February,15000,,3183040
3-Feb-21,Grocery shopping - Big Bazaar,10500,,3193540
5-Feb-21,Electricity Bill - BSES,4700,,3198240
7-Feb-21,Water Bill - Delhi Jal Board,1160,,3199400
9-Feb-21,Internet Bill - Airtel,1000,,3200400
12-Feb-21,School Fees - St. Mary's School,7500,,3207900
14-Feb-21,Kids' Dance Class Fees,2000,,3209900
15-Feb-21,Salary Credit - Infosys Ltd.,,125000,3084900
16-Feb-21,ATM Withdrawal,3000,,3087900
18-Feb-21,Petrol - Indian Oil,8500,,3096400
20-Feb-21,Restaurant - Pizza Express,1900,,3098300
22-Feb-21,Groceries - Reliance Fresh,9800,,3108100
24-Feb-21,Home Appliance - Espresso Machine,9000,,3117100
25-Feb-21,Mobile Recharge - Postpaid,800,,3117900
26-Feb-21,Clothing - Arrow,6500,,3124400
27-Feb-21,Online Shopping - FirstCry,3500,,3127900
28-Feb-21,Mutual Fund SIP - ICICI Pru,5000,,3132900
2021-02-29,Payment - Credit Card,82000,,3214900
1-Mar-21,Rent for March,15000,,3229900
3-Mar-21,Grocery shopping - Big Bazaar,10600,,3240500
5-Mar-21,Electricity Bill - BSES,4750,,3245250
7-Mar-21,Water Bill - Delhi Jal Board,1170,,3246420
9-Mar-21,Internet Bill - Airtel,1000,,3247420
12-Mar-21,School Fees - St. Mary's School,7500,,3254920
14-Mar-21,Kids' Swimming Lessons,3000,,3257920
15-Mar-21,Salary Credit - Infosys Ltd.,,126000,3131920
16-Mar-21,ATM Withdrawal,3000,,3134920
18-Mar-21,Petrol - Indian Oil,8600,,3143520
20-Mar-21,Restaurant - Mainland China,3400,,3146920
22-Mar-21,Groceries - Reliance Fresh,9900,,3156820
24-Mar-21,Electronics - Smart Watch Series 7,20000,,3176820
25-Mar-21,Mobile Recharge - Postpaid,800,,3177620
26-Mar-21,Home Appliance - Food Processor,4000,,3181620
27-Mar-21,Clothing - Park Avenue,6000,,3187620
28-Mar-21,Online Shopping - Amazon,7000,,3194620
29-Mar-21,Mutual Fund SIP - ICICI Pru,5000,,3199620
30-Mar-21,Payment - Credit Card,83000,,3282620
31-Mar-21,Investment - Fixed Deposit,120000,,3402620
1-Apr-21,Rent for April,15000,,3417620
3-Apr-21,Grocery shopping - Big Bazaar,10700,,3428320
5-Apr-21,Electricity Bill - BSES,4800,,3433120
7-Apr-21,Water Bill - Delhi Jal Board,1180,,3434300
9-Apr-21,Internet Bill - Airtel,1000,,3435300
12-Apr-21,School Fees - St. Mary's School,7500,,3442800
14-Apr-21,Kids' Football Coaching,3000,,3445800
15-Apr-21,Salary Credit - Infosys Ltd.,,127000,3318800
16-Apr-21,ATM Withdrawal,3000,,3321800
18-Apr-21,Petrol - Indian Oil,8700,,3330500
20-Apr-21,Restaurant - Wow Momos,2000,,3332500
22-Apr-21,Groceries - Reliance Fresh,10000,,3342500
24-Apr-21,Electronics - Smart Speaker Pro,8000,,3350500
25-Apr-21,Mobile Recharge - Postpaid,800,,3351300
26-Apr-21,Home Appliance - Air Fryer Deluxe,8000,,3359300
27-Apr-21,Clothing - Tommy Hilfiger,7000,,3366300
28-Apr-21,Online Shopping - Ajio,4000,,3370300
29-Apr-21,Mutual Fund SIP - ICICI Pru,5000,,3375300
30-Apr-21,Payment - Credit Card,84000,,3459300
1-May-21,Rent for May,15000,,3474300
3-May-21,Grocery shopping - Big Bazaar,10800,,3485100
5-May-21,Electricity Bill - BSES,4850,,3489950
7-May-21,Water Bill - Delhi Jal Board,1190,,3491140
9-May-21,Internet Bill - Airtel,1000,,3492140
12-May-21,School Fees - St. Mary's School,7500,,3499640
14-May-21,Kids' Dance Class Fees,2000,,3501640
15-May-21,Salary Credit - Infosys Ltd.,,128000,3373640
16-May-21,ATM Withdrawal,3000,,3376640
18-May-21,Petrol - Indian Oil,8800,,3385440
20-May-21,Restaurant - Barbeque Nation,3900,,3389340
22-May-21,Groceries - Reliance Fresh,10100,,3399440
24-May-21,Electronics - Smart TV 4K,30000,,3429440
25-May-21,Mobile Recharge - Postpaid,800,,3430240
26-May-21,Home Appliance - Coffee Maker,5000,,3435240
27-May-21,Clothing - Shoppers Stop,4500,,3439740
28-May-21,Online Shopping - Amazon,7000,,3446740
29-May-21,Mutual Fund SIP - ICICI Pru,5000,,3451740
30-May-21,Payment - Credit Card,85000,,3536740
1-Jun-21,Rent for June,15000,,3551740
3-Jun-21,Grocery shopping - Big Bazaar,10900,,3562640
5-Jun-21,Electricity Bill - BSES,4900,,3567540
7-Jun-21,Water Bill - Delhi Jal Board,1200,,3568740
9-Jun-21,Internet Bill - Airtel,1000,,3569740
12-Jun-21,School Fees - St. Mary's School,7500,,3577240
14-Jun-21,Kids' Football Coaching,3000,,3580240
15-Jun-21,Salary Credit - Infosys Ltd.,,129000,3451240
16-Jun-21,ATM Withdrawal,3000,,3454240
18-Jun-21,Petrol - Indian Oil,8900,,3463140
20-Jun-21,Restaurant - Mainland China,3500,,3466640
22-Jun-21,Groceries - Reliance Fresh,10200,,3476840
24-Jun-21,Children's Books,2500,,3479340
25-Jun-21,Mobile Recharge - Postpaid,800,,3480140
26-Jun-21,Home Repair - Painting Supplies,5000,,3485140
27-Jun-21,Clothing - Van Heusen,7000,,3492140
28-Jun-21,Online Shopping - Myntra,4500,,3496640
29-Jun-21,Mutual Fund SIP - ICICI Pru,5000,,3501640
30-Jun-21,Payment - Credit Card,86000,,3587640
1-Jul-21,Rent for July,15000,,3602640
3-Jul-21,Grocery shopping - Big Bazaar,11000,,3613640
5-Jul-21,Electricity Bill - BSES,4950,,3618590
7-Jul-21,Water Bill - Delhi Jal Board,1210,,3619800
9-Jul-21,Internet Bill - Airtel,1000,,3620800
12-Jul-21,School Fees - St. Mary's School,7500,,3628300
14-Jul-21,Kids' Skating Lessons,2500,,3630800
15-Jul-21,Salary Credit - Infosys Ltd.,,130000,3500800
16-Jul-21,ATM Withdrawal,3000,,3503800
18-Jul-21,Petrol - Indian Oil,9000,,3512800
20-Jul-21,Restaurant - Wow Momos,2100,,3514900
22-Jul-21,Groceries - Reliance Fresh,10300,,3525200
24-Jul-21,Electronics - Smart Watch,25000,,3550200
25-Jul-21,Mobile Recharge - Postpaid,800,,3551000
26-Jul-21,Home Appliance - Food Steamer,3000,,3554000
27-Jul-21,Clothing - Westside,5000,,3559000
28-Jul-21,Online Shopping - Nykaa,3500,,3562500
29-Jul-21,Mutual Fund SIP - ICICI Pru,5000,,3567500
30-Jul-21,Payment - Credit Card,87000,,3654500
1-Aug-21,Rent for August,15000,,3669500
3-Aug-21,Grocery shopping - Big Bazaar,11100,,3680600
5-Aug-21,Electricity Bill - BSES,5000,,3685600
7-Aug-21,Water Bill - Delhi Jal Board,1220,,3686820
9-Aug-21,Internet Bill - Airtel,1000,,3687820
12-Aug-21,School Fees - St. Mary's School,7500,,3695320
14-Aug-21,Kids' Painting Class,1500,,3696820
15-Aug-21,Salary Credit - Infosys Ltd.,,131000,3565820
16-Aug-21,ATM Withdrawal,3000,,3568820
18-Aug-21,Petrol - Indian Oil,9100,,3577920
20-Aug-21,Restaurant - Behrouz Biryani,2200,,3580120
22-Aug-21,Groceries - Reliance Fresh,10400,,3590520
24-Aug-21,Theme Park Visit - Kingdom of Dreams,10000,,3600520
25-Aug-21,Mobile Recharge - Postpaid,800,,3601320
26-Aug-21,Electrician Charges,2500,,3603820
27-Aug-21,Clothing - Pantaloons,5000,,3608820
28-Aug-21,Online Shopping - Snapdeal,5000,,3613820
29-Aug-21,Mutual Fund SIP - ICICI Pru,5000,,3618820
30-Aug-21,Payment - Credit Card,88000,,3706820
1-Sep-21,Rent for September,15000,,3721820
3-Sep-21,Grocery shopping - Big Bazaar,11200,,3733020
5-Sep-21,Electricity Bill - BSES,5050,,3738070
7-Sep-21,Water Bill - Delhi Jal Board,1230,,3739300
9-Sep-21,Internet Bill - Airtel,1000,,3740300
12-Sep-21,School Fees - St. Mary's School,7500,,3747800
14-Sep-21,Kids' Chess Coaching,2000,,3749800
15-Sep-21,Salary Credit - Infosys Ltd.,,132000,3617800
16-Sep-21,ATM Withdrawal,3000,,3620800
18-Sep-21,Petrol - Indian Oil,9200,,3630000
20-Sep-21,Restaurant - Sagar Ratna,2300,,3632300
22-Sep-21,Groceries - Reliance Fresh,10500,,3642800
24-Sep-21,Festival Shopping - Diwali,25000,,3667800
25-Sep-21,Mobile Recharge - Postpaid,800,,3668600
26-Sep-21,Gift - Anniversary,4500,,3673100
27-Sep-21,Online Shopping - Croma,9000,,3682100
28-Sep-21,Mutual Fund SIP - ICICI Pru,5000,,3687100
30-Sep-21,Payment - Credit Card,89000,,3776100
1-Oct-21,Rent for October,15000,,3791100
3-Oct-21,Grocery shopping - Big Bazaar,11300,,3802400
5-Oct-21,Electricity Bill - BSES,5100,,3807500
7-Oct-21,Water Bill - Delhi Jal Board,1240,,3808740
9-Oct-21,Internet Bill - Airtel,1000,,3809740
12-Oct-21,School Fees - St. Mary's School,7500,,3817240
14-Oct-21,Kids' Dance Class Fees,2000,,3819240
15-Oct-21,Salary Credit - Infosys Ltd.,,133000,3686240
16-Oct-21,ATM Withdrawal,3000,,3689240
18-Oct-21,Petrol - Indian Oil,9300,,3698540
20-Oct-21,Restaurant - Pizza Express,2400,,3700940
22-Oct-21,Groceries - Reliance Fresh,10600,,3711540
24-Oct-21,Electronics - Smart Home Speaker,9000,,3720540
25-Oct-21,Mobile Recharge - Postpaid,800,,3721340
26-Oct-21,Home Appliance - Air Fryer,6000,,3727340
27-Oct-21,Clothing - Louis Philippe,7000,,3734340
28-Oct-21,Online Shopping - Amazon,8000,,3742340
29-Oct-21,Mutual Fund SIP - ICICI Pru,5000,,3747340
30-Oct-21,Payment - Credit Card,90000,,3837340
1-Nov-21,Rent for November,15000,,3852340
3-Nov-21,Grocery shopping - Big Bazaar,11400,,3863740
5-Nov-21,Electricity Bill - BSES,5150,,3868890
7-Nov-21,Water Bill - Delhi Jal Board,1250,,3870140
9-Nov-21,Internet Bill - Airtel,1000,,3871140
12-Nov-21,School Fees - St. Mary's School,7500,,3878640
14-Nov-21,Kids' Sports Gear,4500,,3883140
15-Nov-21,Salary Credit - Infosys Ltd.,,134000,3749140
16-Nov-21,ATM Withdrawal,3000,,3752140
18-Nov-21,Petrol - Indian Oil,9400,,3761540
20-Nov-21,Restaurant - Barbeque Nation,4000,,3765540
22-Nov-21,Groceries - Reliance Fresh,10700,,3776240
24-Nov-21,Electronics - Noise Cancelling Earbuds Pro,7000,,3783240
25-Nov-21,Mobile Recharge - Postpaid,800,,3784040
26-Nov-21,Home Appliance - Waffle Maker,3000,,3787040
27-Nov-21,Clothing - Arrow,7000,,3794040
28-Nov-21,Online Shopping - Jabong,4000,,3798040
29-Nov-21,Mutual Fund SIP - ICICI Pru,5000,,3803040
30-Nov-21,Payment - Credit Card,91000,,3894040
1-Dec-21,Rent for December,15000,,3909040
3-Dec-21,Grocery shopping - Big Bazaar,11500,,3920540
5-Dec-21,Electricity Bill - BSES,5200,,3925740
7-Dec-21,Water Bill - Delhi Jal Board,1260,,3927000
9-Dec-21,Internet Bill - Airtel,1000,,3928000
12-Dec-21,School Fees - St. Mary's School,7500,,3935500
14-Dec-21,Kids' Music Class Fees,1800,,3937300
15-Dec-21,Salary Credit - Infosys Ltd.,,135000,3802300
16-Dec-21,ATM Withdrawal,3000,,3805300
18-Dec-21,Petrol - Indian Oil,9500,,3814800
20-Dec-21,Restaurant - Mainland China,3600,,3818400
22-Dec-21,Groceries - Reliance Fresh,10800,,3829200
24-Dec-21,Holiday Gifts & Decorations,20000,,3849200
25-Dec-21,Mobile Recharge - Postpaid,800,,3850000
26-Dec-21,Online Shopping - Flipkart,7000,,3857000
27-Dec-21,Car Maintenance - Full Service,20000,,3877000
28-Dec-21,Mutual Fund SIP - ICICI Pru,5000,,3882000
30-Dec-21,Payment - Credit Card,92000,,3974000
31-Dec-21,Investment - Fixed Deposit,150000,,4124000
1-Jan-22,Rent for January,15000,,4139000
3-Jan-22,Grocery shopping - Big Bazaar,11600,,4150600
5-Jan-22,Electricity Bill - BSES,5250,,4155850
7-Jan-22,Water Bill - Delhi Jal Board,1270,,4157120
9-Jan-22,Internet Bill - Airtel,1000,,4158120
12-Jan-22,School Fees - St. Mary's School,7500,,4165620
14-Jan-22,Kids' Football Coaching,3000,,4168620
15-Jan-22,Salary Credit - Infosys Ltd.,,136000,4032620
16-Jan-22,ATM Withdrawal,3000,,4035620
18-Jan-22,Petrol - Indian Oil,9600,,4045220
20-Jan-22,Restaurant - Mc Donald's,1300,,4046520
22-Jan-22,Groceries - Reliance Fresh,10900,,4057420
24-Jan-22,Electronics - Smart Home Hub Upgrade,10000,,4067420
25-Jan-22,Mobile Recharge - Postpaid,800,,4068220
26-Jan-22,Home Improvement - Kitchen Cabinets,15000,,4083220
27-Jan-22,Clothing - US Polo Assn.,6000,,4089220
28-Jan-22,Online Shopping - Myntra,5000,,4094220
29-Jan-22,Mutual Fund SIP - ICICI Pru,5000,,4099220
30-Jan-22,Payment - Credit Card,93000,,4192220
1-Feb-22,Rent for February,15000,,4207220
3-Feb-22,Grocery shopping - Big Bazaar,11700,,4218920
5-Feb-22,Electricity Bill - BSES,5300,,4224220
7-Feb-22,Water Bill - Delhi Jal Board,1280,,4225500
9-Feb-22,Internet Bill - Airtel,1000,,4226500
12-Feb-22,School Fees - St. Mary's School,7500,,4234000
14-Feb-22,Kids' Dance Class Fees,2000,,4236000
15-Feb-22,Salary Credit - Infosys Ltd.,,137000,4099000
16-Feb-22,ATM Withdrawal,3000,,4102000
18-Feb-22,Petrol - Indian Oil,9700,,4111700
20-Feb-22,Restaurant - Pizza Express,2500,,4114200
22-Feb-22,Groceries - Reliance Fresh,11000,,4125200
24-Feb-22,Home Appliance - Air Fryer XXL,8000,,4133200
25-Feb-22,Mobile Recharge - Postpaid,800,,4134000
26-Feb-22,Clothing - Arrow,7500,,4141500
27-Feb-22,Online Shopping - FirstCry,4000,,4145500
28-Feb-22,Mutual Fund SIP - ICICI Pru,5000,,4150500
2022-02-29,Payment - Credit Card,94000,,4244500
1-Mar-22,Rent for March,15000,,4259500
3-Mar-22,Grocery shopping - Big Bazaar,11800,,4271300
5-Mar-22,Electricity Bill - BSES,5350,,4276650
7-Mar-22,Water Bill - Delhi Jal Board,1290,,4277940
9-Mar-22,Internet Bill - Airtel,1000,,4278940
12-Mar-22,School Fees - St. Mary's School,7500,,4286440
14-Mar-22,Kids' Swimming Lessons,3000,,4289440
15-Mar-22,Salary Credit - Infosys Ltd.,,138000,4151440
16-Mar-22,ATM Withdrawal,3000,,4154440
18-Mar-22,Petrol - Indian Oil,9800,,4164240
20-Mar-22,Restaurant - Mainland China,3700,,4167940
22-Mar-22,Groceries - Reliance Fresh,11100,,4179040
24-Mar-22,Electronics - Smart Watch Series 8,28000,,4207040
25-Mar-22,Mobile Recharge - Postpaid,800,,4207840
26-Mar-22,Home Appliance - Food Processor,5000,,4212840
27-Mar-22,Clothing - Park Avenue,7500,,4220340
28-Mar-22,Online Shopping - Amazon,9000,,4229340
29-Mar-22,Mutual Fund SIP - ICICI Pru,5000,,4234340
30-Mar-22,Payment - Credit Card,95000,,4329340
31-Mar-22,Investment - Fixed Deposit,180000,,4509340
1-Apr-22,Rent for April,15000,,4524340
3-Apr-22,Grocery shopping - Big Bazaar,11900,,4536240
5-Apr-22,Electricity Bill - BSES,5400,,4541640
7-Apr-22,Water Bill - Delhi Jal Board,1300,,4542940
9-Apr-22,Internet Bill - Airtel,1000,,4543940
12-Apr-22,School Fees - St. Mary's School,7500,,4551440
14-Apr-22,Kids' Football Coaching,3000,,4554440
15-Apr-22,Salary Credit - Infosys Ltd.,,139000,4415440
16-Apr-22,ATM Withdrawal,3000,,4418440
18-Apr-22,Petrol - Indian Oil,9900,,4428340
20-Apr-22,Restaurant - Wow Momos,2500,,4430840
22-Apr-22,Groceries - Reliance Fresh,11200,,4442040
24-Apr-22,Electronics - Smart Speaker Mini 2,4000,,4446040
25-Apr-22,Mobile Recharge - Postpaid,800,,4446840
26-Apr-22,Home Appliance - Air Fryer Pro,9000,,4455840
27-Apr-22,Clothing - Tommy Hilfiger,8000,,4463840
28-Apr-22,Online Shopping - Ajio,5000,,4468840
29-Apr-22,Mutual Fund SIP - ICICI Pru,5000,,4473840
30-Apr-22,Payment - Credit Card,96000,,4569840
1-May-22,Rent for May,15000,,4584840
3-May-22,Grocery shopping - Big Bazaar,12000,,4596840
5-May-22,Electricity Bill - BSES,5450,,4602290
7-May-22,Water Bill - Delhi Jal Board,1310,,4603600
9-May-22,Internet Bill - Airtel,1000,,4604600
12-May-22,School Fees - St. Mary's School,7500,,4612100
14-May-22,Kids' Dance Class Fees,2000,,4614100
15-May-22,Salary Credit - Infosys Ltd.,,140000,4474100
16-May-22,ATM Withdrawal,3000,,4477100
18-May-22,Petrol - Indian Oil,10000,,4487100
20-May-22,Restaurant - Barbeque Nation,4100,,4491200
22-May-22,Groceries - Reliance Fresh,11300,,4502500
24-May-22,Electronics - Smart TV OLED,40000,,4542500
25-May-22,Mobile Recharge - Postpaid,800,,4543300
26-May-22,Home Appliance - Coffee Maker Deluxe,6000,,4549300
27-May-22,Clothing - Shoppers Stop,5000,,4554300
28-May-22,Online Shopping - Amazon,10000,,4564300
29-May-22,Mutual Fund SIP - ICICI Pru,5000,,4569300
30-May-22,Payment - Credit Card,97000,,4666300
1-Jun-22,Rent for June,15000,,4681300
3-Jun-22,Grocery shopping - Big Bazaar,12100,,4693400
5-Jun-22,Electricity Bill - BSES,5500,,4698900
7-Jun-22,Water Bill - Delhi Jal Board,1320,,4700220
9-Jun-22,Internet Bill - Airtel,1000,,4701220
12-Jun-22,School Fees - St. Mary's School,7500,,4708720
14-Jun-22,Kids' Football Coaching,3000,,4711720
15-Jun-22,Salary Credit - Infosys Ltd.,,141000,4570720
16-Jun-22,ATM Withdrawal,3000,,4573720
18-Jun-22,Petrol - Indian Oil,10100,,4583820
20-Jun-22,Restaurant - Mainland China,3800,,4587620
22-Jun-22,Groceries - Reliance Fresh,11400,,4599020
24-Jun-22,Children's Books,3000,,4602020
25-Jun-22,Mobile Recharge - Postpaid,800,,4602820
26-Jun-22,Home Repair - Painting,7000,,4609820
27-Jun-22,Clothing - Van Heusen,8000,,4617820
28-Jun-22,Online Shopping - Myntra,5000,,4622820
29-Jun-22,Mutual Fund SIP - ICICI Pru,5000,,4627820
30-Jun-22,Payment - Credit Card,98000,,4725820
1-Jul-22,Rent for July,15000,,4740820
3-Jul-22,Grocery shopping - Big Bazaar,12200,,4753020
5-Jul-22,Electricity Bill - BSES,5550,,4758570
7-Jul-22,Water Bill - Delhi Jal Board,1330,,4759900
9-Jul-22,Internet Bill - Airtel,1000,,4760900
12-Jul-22,School Fees - St. Mary's School,7500,,4768400
14-Jul-22,Kids' Skating Lessons,2500,,4770900
15-Jul-22,Salary Credit - Infosys Ltd.,,142000,4628900
16-Jul-22,ATM Withdrawal,3000,,4631900
18-Jul-22,Petrol - Indian Oil,10200,,4642100
20-Jul-22,Restaurant - Wow Momos,2600,,4644700
22-Jul-22,Groceries - Reliance Fresh,11500,,4656200
24-Jul-22,Electronics - Smart Watch Pro,30000,,4686200
25-Jul-22,Mobile Recharge - Postpaid,800,,4687000
26-Jul-22,Home Appliance - Rice Cooker Smart,4000,,4691000
27-Jul-22,Clothing - Westside,5500,,4696500
28-Jul-22,Online Shopping - Nykaa,4000,,4700500
29-Jul-22,Mutual Fund SIP - ICICI Pru,5000,,4705500
30-Jul-22,Payment - Credit Card,99000,,4804500
1-Aug-22,Rent for August,15000,,4819500
3-Aug-22,Grocery shopping - Big Bazaar,12300,,4831800
5-Aug-22,Electricity Bill - BSES,5600,,4837400
7-Aug-22,Water Bill - Delhi Jal Board,1340,,4838740
9-Aug-22,Internet Bill - Airtel,1000,,4839740
12-Aug-22,School Fees - St. Mary's School,7500,,4847240
14-Aug-22,Kids' Painting Class,1500,,4848740
15-Aug-22,Salary Credit - Infosys Ltd.,,143000,4705740
16-Aug-22,ATM Withdrawal,3000,,4708740
18-Aug-22,Petrol - Indian Oil,10300,,4719040
20-Aug-22,Restaurant - Behrouz Biryani,2300,,4721340
22-Aug-22,Groceries - Reliance Fresh,11600,,4732940
24-Aug-22,Theme Park Visit - Wonderla,11000,,4743940
25-Aug-22,Mobile Recharge - Postpaid,800,,4744740